icd10_code,v28_hcc
A0104,HCC92
A0105,HCC92
A021,HCC2
A0223,HCC92
A0224,HCC92
A065,HCC283
A072,HCC6
A207,HCC2
A227,HCC2
A267,HCC2
A310,HCC6
A312,HCC6
A327,HCC2
A3681,HCC227
A392,HCC2
A393,HCC2
A394,HCC2
A3983,HCC92
A3984,HCC92
A400,HCC2
A401,HCC2
A403,HCC2
A408,HCC2
A409,HCC2
A4101,HCC2
A4102,HCC2
A411,HCC2
A412,HCC2
A413,HCC2
A414,HCC2
A4150,HCC2
A4151,HCC2
A4152,HCC2
A4153,HCC2
A4154,HCC2
A4159,HCC2
A4181,HCC2
A4189,HCC2
A419,HCC2
A427,HCC2
A480,HCC263
A481,HCC282
A483,HCC2
A5055,HCC92
A5440,HCC92
A5441,HCC92
A5442,HCC92
A5443,HCC92
A5449,HCC92
A5485,HCC78
A5486,HCC2
A666,HCC92
A6923,HCC92
A8100,HCC127
A8101,HCC127
A8109,HCC127
A811,HCC127
A812,HCC127
A8181,HCC127
A8182,HCC127
A8183,HCC127
A8189,HCC127
A819,HCC127
B007,HCC2
B0082,HCC182
B0112,HCC182
B0224,HCC182
B0682,HCC92
B180,HCC65
B181,HCC65
B182,HCC65
B188,HCC65
B189,HCC65
B20,HCC1
B250,HCC6
B251,HCC6
B252,HCC6
B258,HCC6
B259,HCC6
B2685,HCC92
B3324,HCC227
B371,HCC6
B377,HCC2
B377,HCC6
B3781,HCC6
B4282,HCC92
B440,HCC6
B441,HCC6
B442,HCC6
B447,HCC6
B4481,HCC280
B4489,HCC6
B449,HCC6
B450,HCC6
B451,HCC6
B452,HCC6
B453,HCC6
B457,HCC6
B458,HCC6
B459,HCC6
B460,HCC6
B461,HCC6
B462,HCC6
B463,HCC6
B464,HCC6
B465,HCC6
B468,HCC6
B469,HCC6
B484,HCC6
B488,HCC6
B582,HCC6
B583,HCC6
B59,HCC6
B9735,HCC1
C01,HCC21
C020,HCC21
C021,HCC21
C022,HCC21
C023,HCC21
C024,HCC21
C028,HCC21
C029,HCC21
C030,HCC21
C031,HCC21
C039,HCC21
C040,HCC21
C041,HCC21
C048,HCC21
C049,HCC21
C050,HCC21
C051,HCC21
C052,HCC21
C058,HCC21
C059,HCC21
C060,HCC21
C061,HCC21
C062,HCC21
C0680,HCC21
C0689,HCC21
C069,HCC21
C07,HCC21
C080,HCC21
C081,HCC21
C089,HCC21
C090,HCC21
C091,HCC21
C098,HCC21
C099,HCC21
C100,HCC21
C101,HCC21
C102,HCC21
C103,HCC21
C104,HCC21
C108,HCC21
C109,HCC21
C110,HCC21
C111,HCC21
C112,HCC21
C113,HCC21
C118,HCC21
C119,HCC21
C12,HCC21
C130,HCC21
C131,HCC21
C132,HCC21
C138,HCC21
C139,HCC21
C140,HCC21
C142,HCC21
C148,HCC21
C153,HCC20
C154,HCC20
C155,HCC20
C158,HCC20
C159,HCC20
C160,HCC20
C161,HCC20
C162,HCC20
C163,HCC20
C164,HCC20
C165,HCC20
C166,HCC20
C168,HCC20
C169,HCC20
C170,HCC20
C171,HCC20
C172,HCC20
C173,HCC20
C178,HCC20
C179,HCC20
C180,HCC22
C181,HCC22
C182,HCC22
C183,HCC22
C184,HCC22
C185,HCC22
C186,HCC22
C187,HCC22
C188,HCC22
C189,HCC22
C19,HCC22
C20,HCC22
C210,HCC22
C211,HCC22
C212,HCC22
C218,HCC22
C220,HCC20
C221,HCC20
C222,HCC20
C223,HCC20
C224,HCC20
C227,HCC20
C228,HCC20
C229,HCC20
C23,HCC20
C240,HCC20
C241,HCC20
C248,HCC20
C249,HCC20
C250,HCC20
C251,HCC20
C252,HCC20
C253,HCC20
C254,HCC20
C257,HCC20
C258,HCC20
C259,HCC20
C260,HCC22
C261,HCC22
C269,HCC22
C300,HCC21
C301,HCC21
C310,HCC21
C311,HCC21
C312,HCC21
C313,HCC21
C318,HCC21
C319,HCC21
C320,HCC21
C321,HCC21
C322,HCC21
C323,HCC21
C328,HCC21
C329,HCC21
C33,HCC20
C3400,HCC20
C3401,HCC20
C3402,HCC20
C3410,HCC20
C3411,HCC20
C3412,HCC20
C342,HCC20
C3430,HCC20
C3431,HCC20
C3432,HCC20
C3480,HCC20
C3481,HCC20
C3482,HCC20
C3490,HCC20
C3491,HCC20
C3492,HCC20
C37,HCC21
C380,HCC20
C381,HCC21
C382,HCC21
C383,HCC21
C384,HCC20
C388,HCC21
C390,HCC21
C399,HCC21
C4000,HCC21
C4001,HCC21
C4002,HCC21
C4010,HCC21
C4011,HCC21
C4012,HCC21
C4020,HCC21
C4021,HCC21
C4022,HCC21
C4030,HCC21
C4031,HCC21
C4032,HCC21
C4080,HCC21
C4081,HCC21
C4082,HCC21
C4090,HCC21
C4091,HCC21
C4092,HCC21
C410,HCC21
C411,HCC21
C412,HCC21
C413,HCC21
C414,HCC21
C419,HCC21
C430,HCC23
C4310,HCC23
C43111,HCC23
C43112,HCC23
C43121,HCC23
C43122,HCC23
C4320,HCC23
C4321,HCC23
C4322,HCC23
C4330,HCC23
C4331,HCC23
C4339,HCC23
C434,HCC23
C4351,HCC23
C4352,HCC23
C4359,HCC23
C4360,HCC23
C4361,HCC23
C4362,HCC23
C4370,HCC23
C4371,HCC23
C4372,HCC23
C438,HCC23
C439,HCC23
C450,HCC19
C451,HCC19
C452,HCC19
C457,HCC19
C459,HCC19
C460,HCC21
C461,HCC21
C462,HCC21
C463,HCC21
C464,HCC21
C4650,HCC21
C4651,HCC21
C4652,HCC21
C467,HCC21
C469,HCC21
C470,HCC21
C4710,HCC21
C4711,HCC21
C4712,HCC21
C4720,HCC21
C4721,HCC21
C4722,HCC21
C473,HCC21
C474,HCC23
C475,HCC21
C476,HCC21
C478,HCC21
C479,HCC21
C480,HCC20
C481,HCC20
C482,HCC20
C488,HCC20
C490,HCC21
C4910,HCC21
C4911,HCC21
C4912,HCC21
C4920,HCC21
C4921,HCC21
C4922,HCC21
C493,HCC21
C494,HCC23
C495,HCC21
C496,HCC21
C498,HCC21
C499,HCC21
C49A0,HCC23
C49A1,HCC23
C49A2,HCC23
C49A3,HCC23
C49A4,HCC23
C49A5,HCC23
C49A9,HCC23
C4A0,HCC21
C4A10,HCC21
C4A111,HCC21
C4A112,HCC21
C4A121,HCC21
C4A122,HCC21
C4A20,HCC21
C4A21,HCC21
C4A22,HCC21
C4A30,HCC21
C4A31,HCC21
C4A39,HCC21
C4A4,HCC21
C4A51,HCC21
C4A52,HCC21
C4A59,HCC21
C4A60,HCC21
C4A61,HCC21
C4A62,HCC21
C4A70,HCC21
C4A71,HCC21
C4A72,HCC21
C4A8,HCC21
C4A9,HCC21
C50011,HCC22
C50011,HCC23
C50012,HCC22
C50012,HCC23
C50019,HCC22
C50019,HCC23
C50021,HCC22
C50021,HCC23
C50022,HCC22
C50022,HCC23
C50029,HCC22
C50029,HCC23
C50111,HCC22
C50111,HCC23
C50112,HCC22
C50112,HCC23
C50119,HCC22
C50119,HCC23
C50121,HCC22
C50121,HCC23
C50122,HCC22
C50122,HCC23
C50129,HCC22
C50129,HCC23
C50211,HCC22
C50211,HCC23
C50212,HCC22
C50212,HCC23
C50219,HCC22
C50219,HCC23
C50221,HCC22
C50221,HCC23
C50222,HCC22
C50222,HCC23
C50229,HCC22
C50229,HCC23
C50311,HCC22
C50311,HCC23
C50312,HCC22
C50312,HCC23
C50319,HCC22
C50319,HCC23
C50321,HCC22
C50321,HCC23
C50322,HCC22
C50322,HCC23
C50329,HCC22
C50329,HCC23
C50411,HCC22
C50411,HCC23
C50412,HCC22
C50412,HCC23
C50419,HCC22
C50419,HCC23
C50421,HCC22
C50421,HCC23
C50422,HCC22
C50422,HCC23
C50429,HCC22
C50429,HCC23
C50511,HCC22
C50511,HCC23
C50512,HCC22
C50512,HCC23
C50519,HCC22
C50519,HCC23
C50521,HCC22
C50521,HCC23
C50522,HCC22
C50522,HCC23
C50529,HCC22
C50529,HCC23
C50611,HCC22
C50611,HCC23
C50612,HCC22
C50612,HCC23
C50619,HCC22
C50619,HCC23
C50621,HCC22
C50621,HCC23
C50622,HCC22
C50622,HCC23
C50629,HCC22
C50629,HCC23
C50811,HCC22
C50811,HCC23
C50812,HCC22
C50812,HCC23
C50819,HCC22
C50819,HCC23
C50821,HCC22
C50821,HCC23
C50822,HCC22
C50822,HCC23
C50829,HCC22
C50829,HCC23
C50911,HCC22
C50911,HCC23
C50912,HCC22
C50912,HCC23
C50919,HCC22
C50919,HCC23
C50921,HCC22
C50921,HCC23
C50922,HCC22
C50922,HCC23
C50929,HCC22
C50929,HCC23
C50A0,HCC22
C50A0,HCC23
C50A1,HCC22
C50A1,HCC23
C50A2,HCC22
C50A2,HCC23
C510,HCC22
C511,HCC22
C512,HCC22
C518,HCC22
C519,HCC22
C52,HCC22
C530,HCC22
C531,HCC22
C538,HCC22
C539,HCC22
C540,HCC23
C541,HCC23
C542,HCC23
C543,HCC23
C548,HCC23
C549,HCC23
C55,HCC23
C561,HCC22
C562,HCC22
C563,HCC22
C569,HCC22
C5700,HCC22
C5701,HCC22
C5702,HCC22
C5710,HCC22
C5711,HCC22
C5712,HCC22
C5720,HCC22
C5721,HCC22
C5722,HCC22
C573,HCC22
C574,HCC22
C577,HCC22
C578,HCC22
C579,HCC22
C58,HCC22
C600,HCC23
C601,HCC23
C602,HCC23
C608,HCC23
C609,HCC23
C61,HCC23
C6200,HCC23
C6201,HCC23
C6202,HCC23
C6210,HCC23
C6211,HCC23
C6212,HCC23
C6290,HCC23
C6291,HCC23
C6292,HCC23
C6300,HCC23
C6301,HCC23
C6302,HCC23
C6310,HCC23
C6311,HCC23
C6312,HCC23
C632,HCC23
C637,HCC23
C638,HCC23
C639,HCC23
C641,HCC22
C642,HCC22
C649,HCC22
C651,HCC22
C652,HCC22
C659,HCC22
C661,HCC22
C662,HCC22
C669,HCC22
C670,HCC22
C671,HCC22
C672,HCC22
C673,HCC22
C674,HCC22
C675,HCC22
C676,HCC22
C677,HCC22
C678,HCC22
C679,HCC22
C680,HCC22
C681,HCC22
C688,HCC22
C689,HCC22
C6900,HCC23
C6901,HCC23
C6902,HCC23
C6910,HCC23
C6911,HCC23
C6912,HCC23
C6920,HCC23
C6921,HCC23
C6922,HCC23
C6930,HCC23
C6931,HCC23
C6932,HCC23
C6940,HCC23
C6941,HCC23
C6942,HCC23
C6950,HCC23
C6951,HCC23
C6952,HCC23
C6960,HCC23
C6961,HCC23
C6962,HCC23
C6980,HCC23
C6981,HCC23
C6982,HCC23
C6990,HCC23
C6991,HCC23
C6992,HCC23
C700,HCC20
C701,HCC20
C709,HCC20
C710,HCC20
C711,HCC20
C712,HCC20
C713,HCC20
C714,HCC20
C715,HCC20
C716,HCC20
C717,HCC20
C718,HCC20
C719,HCC20
C720,HCC20
C721,HCC20
C7220,HCC20
C7221,HCC20
C7222,HCC20
C7230,HCC20
C7231,HCC20
C7232,HCC20
C7240,HCC20
C7241,HCC20
C7242,HCC20
C7250,HCC20
C7259,HCC20
C729,HCC20
C73,HCC23
C7400,HCC22
C7400,HCC22
C7401,HCC22
C7401,HCC22
C7402,HCC22
C7402,HCC22
C7410,HCC22
C7410,HCC22
C7411,HCC22
C7411,HCC22
C7412,HCC22
C7412,HCC22
C7490,HCC22
C7490,HCC22
C7491,HCC22
C7491,HCC22
C7492,HCC22
C7492,HCC22
C750,HCC23
C751,HCC20
C752,HCC20
C753,HCC20
C754,HCC23
C755,HCC23
C758,HCC23
C759,HCC23
C760,HCC23
C761,HCC23
C762,HCC23
C763,HCC23
C7640,HCC23
C7641,HCC23
C7642,HCC23
C7650,HCC23
C7651,HCC23
C7652,HCC23
C768,HCC23
C770,HCC18
C771,HCC17
C772,HCC18
C773,HCC20
C774,HCC18
C775,HCC18
C778,HCC17
C779,HCC18
C7800,HCC17
C7801,HCC17
C7802,HCC17
C781,HCC17
C782,HCC17
C7830,HCC17
C7839,HCC17
C784,HCC17
C785,HCC17
C786,HCC17
C787,HCC17
C7880,HCC17
C7889,HCC17
C7900,HCC17
C7901,HCC17
C7902,HCC17
C7910,HCC18
C7911,HCC18
C7919,HCC18
C792,HCC18
C7931,HCC17
C7932,HCC17
C7940,HCC17
C7949,HCC17
C7951,HCC18
C7952,HCC18
C7960,HCC18
C7961,HCC18
C7962,HCC18
C7963,HCC18
C7970,HCC17
C7971,HCC17
C7972,HCC17
C7981,HCC18
C7982,HCC18
C7989,HCC18
C799,HCC18
C7A00,HCC21
C7A010,HCC21
C7A011,HCC21
C7A012,HCC21
C7A019,HCC21
C7A020,HCC21
C7A021,HCC21
C7A022,HCC21
C7A023,HCC21
C7A024,HCC21
C7A025,HCC21
C7A026,HCC21
C7A029,HCC21
C7A090,HCC21
C7A091,HCC21
C7A092,HCC21
C7A093,HCC21
C7A094,HCC21
C7A095,HCC21
C7A096,HCC21
C7A098,HCC21
C7A1,HCC21
C7A8,HCC21
C7B00,HCC17
C7B01,HCC17
C7B02,HCC17
C7B03,HCC17
C7B04,HCC17
C7B09,HCC17
C7B1,HCC17
C7B8,HCC17
C800,HCC18
C801,HCC23
C802,HCC23
C8100,HCC21
C8101,HCC21
C8102,HCC21
C8103,HCC21
C8104,HCC21
C8105,HCC21
C8106,HCC21
C8107,HCC21
C8108,HCC21
C8109,HCC21
C810A,HCC21
C8110,HCC21
C8111,HCC21
C8112,HCC21
C8113,HCC21
C8114,HCC21
C8115,HCC21
C8116,HCC21
C8117,HCC21
C8118,HCC21
C8119,HCC21
C811A,HCC21
C8120,HCC21
C8121,HCC21
C8122,HCC21
C8123,HCC21
C8124,HCC21
C8125,HCC21
C8126,HCC21
C8127,HCC21
C8128,HCC21
C8129,HCC21
C812A,HCC21
C8130,HCC21
C8131,HCC21
C8132,HCC21
C8133,HCC21
C8134,HCC21
C8135,HCC21
C8136,HCC21
C8137,HCC21
C8138,HCC21
C8139,HCC21
C813A,HCC21
C8140,HCC21
C8141,HCC21
C8142,HCC21
C8143,HCC21
C8144,HCC21
C8145,HCC21
C8146,HCC21
C8147,HCC21
C8148,HCC21
C8149,HCC21
C814A,HCC21
C8170,HCC21
C8171,HCC21
C8172,HCC21
C8173,HCC21
C8174,HCC21
C8175,HCC21
C8176,HCC21
C8177,HCC21
C8178,HCC21
C8179,HCC21
C817A,HCC21
C8190,HCC21
C8191,HCC21
C8192,HCC21
C8193,HCC21
C8194,HCC21
C8195,HCC21
C8196,HCC21
C8197,HCC21
C8198,HCC21
C8199,HCC21
C819A,HCC21
C8200,HCC21
C8201,HCC21
C8202,HCC21
C8203,HCC21
C8204,HCC21
C8205,HCC21
C8206,HCC21
C8207,HCC21
C8208,HCC21
C8209,HCC21
C820A,HCC21
C8210,HCC21
C8211,HCC21
C8212,HCC21
C8213,HCC21
C8214,HCC21
C8215,HCC21
C8216,HCC21
C8217,HCC21
C8218,HCC21
C8219,HCC21
C821A,HCC21
C8220,HCC21
C8221,HCC21
C8222,HCC21
C8223,HCC21
C8224,HCC21
C8225,HCC21
C8226,HCC21
C8227,HCC21
C8228,HCC21
C8229,HCC21
C822A,HCC21
C8230,HCC21
C8231,HCC21
C8232,HCC21
C8233,HCC21
C8234,HCC21
C8235,HCC21
C8236,HCC21
C8237,HCC21
C8238,HCC21
C8239,HCC21
C823A,HCC21
C8240,HCC21
C8241,HCC21
C8242,HCC21
C8243,HCC21
C8244,HCC21
C8245,HCC21
C8246,HCC21
C8247,HCC21
C8248,HCC21
C8249,HCC21
C824A,HCC21
C8250,HCC21
C8251,HCC21
C8252,HCC21
C8253,HCC21
C8254,HCC21
C8255,HCC21
C8256,HCC21
C8257,HCC21
C8258,HCC21
C8259,HCC21
C825A,HCC21
C8260,HCC21
C8261,HCC21
C8262,HCC21
C8263,HCC21
C8264,HCC21
C8265,HCC21
C8266,HCC21
C8267,HCC21
C8268,HCC21
C8269,HCC21
C826A,HCC21
C8280,HCC21
C8281,HCC21
C8282,HCC21
C8283,HCC21
C8284,HCC21
C8285,HCC21
C8286,HCC21
C8287,HCC21
C8288,HCC21
C8289,HCC21
C828A,HCC21
C8290,HCC21
C8291,HCC21
C8292,HCC21
C8293,HCC21
C8294,HCC21
C8295,HCC21
C8296,HCC21
C8297,HCC21
C8298,HCC21
C8299,HCC21
C829A,HCC21
C8300,HCC21
C8301,HCC21
C8302,HCC21
C8303,HCC21
C8304,HCC21
C8305,HCC21
C8306,HCC21
C8307,HCC21
C8308,HCC21
C8309,HCC21
C830A,HCC21
C8310,HCC20
C8311,HCC20
C8312,HCC20
C8313,HCC20
C8314,HCC20
C8315,HCC20
C8316,HCC20
C8317,HCC20
C8318,HCC20
C8319,HCC20
C831A,HCC20
C8330,HCC20
C8331,HCC20
C8332,HCC20
C8333,HCC20
C8334,HCC20
C8335,HCC20
C8336,HCC20
C8337,HCC20
C8338,HCC20
C83390,HCC20
C83398,HCC20
C833A,HCC20
C8350,HCC20
C8351,HCC20
C8352,HCC20
C8353,HCC20
C8354,HCC20
C8355,HCC20
C8356,HCC20
C8357,HCC20
C8358,HCC20
C8359,HCC20
C835A,HCC20
C8370,HCC20
C8371,HCC20
C8372,HCC20
C8373,HCC20
C8374,HCC20
C8375,HCC20
C8376,HCC20
C8377,HCC20
C8378,HCC20
C8379,HCC20
C837A,HCC20
C8380,HCC21
C8381,HCC21
C8382,HCC21
C8383,HCC21
C8384,HCC21
C8385,HCC21
C8386,HCC21
C8387,HCC21
C8388,HCC21
C8389,HCC21
C838A,HCC21
C8390,HCC21
C8391,HCC21
C8392,HCC21
C8393,HCC21
C8394,HCC21
C8395,HCC21
C8396,HCC21
C8397,HCC21
C8398,HCC21
C8399,HCC21
C839A,HCC21
C8400,HCC20
C8401,HCC20
C8402,HCC20
C8403,HCC20
C8404,HCC20
C8405,HCC20
C8406,HCC20
C8407,HCC20
C8408,HCC20
C8409,HCC20
C840A,HCC20
C8410,HCC17
C8411,HCC17
C8412,HCC17
C8413,HCC17
C8414,HCC17
C8415,HCC17
C8416,HCC17
C8417,HCC17
C8418,HCC17
C8419,HCC17
C841A,HCC17
C8440,HCC19
C8441,HCC19
C8442,HCC19
C8443,HCC19
C8444,HCC19
C8445,HCC19
C8446,HCC19
C8447,HCC19
C8448,HCC19
C8449,HCC19
C844A,HCC19
C8460,HCC20
C8461,HCC20
C8462,HCC20
C8463,HCC20
C8464,HCC20
C8465,HCC20
C8466,HCC20
C8467,HCC20
C8468,HCC20
C8469,HCC20
C846A,HCC20
C8470,HCC19
C8471,HCC19
C8472,HCC19
C8473,HCC19
C8474,HCC19
C8475,HCC19
C8476,HCC19
C8477,HCC19
C8478,HCC19
C8479,HCC19
C847A,HCC19
C847B,HCC19
C8490,HCC20
C8491,HCC20
C8492,HCC20
C8493,HCC20
C8494,HCC20
C8495,HCC20
C8496,HCC20
C8497,HCC20
C8498,HCC20
C8499,HCC20
C849A,HCC20
C84A0,HCC20
C84A1,HCC20
C84A2,HCC20
C84A3,HCC20
C84A4,HCC20
C84A5,HCC20
C84A6,HCC20
C84A7,HCC20
C84A8,HCC20
C84A9,HCC20
C84AA,HCC20
C84Z0,HCC20
C84Z1,HCC20
C84Z2,HCC20
C84Z3,HCC20
C84Z4,HCC20
C84Z5,HCC20
C84Z6,HCC20
C84Z7,HCC20
C84Z8,HCC20
C84Z9,HCC20
C84ZA,HCC20
C8510,HCC21
C8511,HCC21
C8512,HCC21
C8513,HCC21
C8514,HCC21
C8515,HCC21
C8516,HCC21
C8517,HCC21
C8518,HCC21
C8519,HCC21
C851A,HCC21
C8520,HCC21
C8521,HCC21
C8522,HCC21
C8523,HCC21
C8524,HCC21
C8525,HCC21
C8526,HCC21
C8527,HCC21
C8528,HCC21
C8529,HCC21
C852A,HCC21
C8580,HCC21
C8581,HCC21
C8582,HCC21
C8583,HCC21
C8584,HCC21
C8585,HCC21
C8586,HCC21
C8587,HCC21
C8588,HCC21
C8589,HCC21
C858A,HCC21
C8590,HCC21
C8591,HCC21
C8592,HCC21
C8593,HCC21
C8594,HCC21
C8595,HCC21
C8596,HCC21
C8597,HCC21
C8598,HCC21
C8599,HCC21
C859A,HCC21
C8600,HCC20
C8601,HCC20
C8610,HCC20
C8611,HCC20
C8620,HCC20
C8621,HCC20
C8630,HCC19
C8631,HCC19
C8640,HCC19
C8641,HCC19
C8650,HCC19
C8651,HCC19
C8660,HCC20
C8661,HCC20
C8800,HCC21
C8801,HCC21
C8820,HCC21
C8821,HCC21
C8830,HCC21
C8831,HCC21
C8840,HCC21
C8841,HCC21
C8880,HCC21
C8881,HCC21
C8890,HCC21
C8891,HCC21
C9000,HCC19
C9001,HCC19
C9002,HCC19
C9010,HCC19
C9011,HCC19
C9012,HCC19
C9020,HCC19
C9021,HCC19
C9022,HCC19
C9030,HCC19
C9031,HCC19
C9032,HCC19
C9100,HCC18
C9100,HCC18
C9101,HCC18
C9101,HCC18
C9102,HCC18
C9102,HCC18
C9110,HCC22
C9111,HCC22
C9112,HCC22
C9130,HCC19
C9131,HCC19
C9132,HCC19
C9140,HCC22
C9141,HCC22
C9142,HCC22
C9150,HCC19
C9151,HCC19
C9152,HCC19
C9160,HCC19
C9161,HCC19
C9162,HCC19
C9190,HCC22
C9191,HCC22
C9192,HCC22
C91A0,HCC20
C91A1,HCC20
C91A2,HCC20
C91Z0,HCC22
C91Z1,HCC22
C91Z2,HCC22
C9200,HCC17
C9201,HCC17
C9202,HCC17
C9210,HCC22
C9211,HCC22
C9212,HCC22
C9220,HCC20
C9221,HCC20
C9222,HCC20
C9230,HCC17
C9231,HCC17
C9232,HCC17
C9240,HCC22
C9241,HCC22
C9242,HCC22
C9250,HCC17
C9251,HCC17
C9252,HCC17
C9260,HCC17
C9261,HCC17
C9262,HCC17
C9290,HCC20
C9291,HCC20
C9292,HCC20
C92A0,HCC17
C92A1,HCC17
C92A2,HCC17
C92Z0,HCC20
C92Z1,HCC20
C92Z2,HCC20
C9300,HCC17
C9301,HCC17
C9302,HCC17
C9310,HCC20
C9311,HCC20
C9312,HCC20
C9330,HCC20
C9331,HCC20
C9332,HCC20
C9390,HCC20
C9391,HCC20
C9392,HCC20
C93Z0,HCC20
C93Z1,HCC20
C93Z2,HCC20
C9400,HCC17
C9401,HCC17
C9402,HCC17
C9420,HCC17
C9421,HCC17
C9422,HCC17
C9430,HCC20
C9431,HCC20
C9432,HCC20
C9440,HCC17
C9441,HCC17
C9442,HCC17
C946,HCC19
C9480,HCC20
C9481,HCC20
C9482,HCC20
C9500,HCC18
C9500,HCC18
C9501,HCC18
C9501,HCC18
C9502,HCC18
C9502,HCC18
C9510,HCC22
C9511,HCC22
C9512,HCC22
C9590,HCC22
C9591,HCC22
C9592,HCC22
C960,HCC21
C9620,HCC21
C9621,HCC21
C9622,HCC21
C9629,HCC21
C964,HCC21
C965,HCC21
C966,HCC21
C969,HCC21
C96A,HCC21
C96Z,HCC21
D030,HCC23
D0310,HCC23
D03111,HCC23
D03112,HCC23
D03121,HCC23
D03122,HCC23
D0320,HCC23
D0321,HCC23
D0322,HCC23
D0330,HCC23
D0339,HCC23
D034,HCC23
D0351,HCC23
D0352,HCC23
D0359,HCC23
D0360,HCC23
D0361,HCC23
D0362,HCC23
D0370,HCC23
D0371,HCC23
D0372,HCC23
D038,HCC23
D039,HCC23
D1802,HCC23
D320,HCC23
D321,HCC23
D329,HCC23
D330,HCC23
D331,HCC23
D332,HCC23
D333,HCC23
D334,HCC23
D337,HCC23
D339,HCC23
D352,HCC23
D353,HCC23
D354,HCC23
D3A00,HCC22
D3A010,HCC22
D3A011,HCC22
D3A012,HCC22
D3A019,HCC22
D3A020,HCC22
D3A021,HCC22
D3A022,HCC22
D3A023,HCC22
D3A024,HCC22
D3A025,HCC22
D3A026,HCC22
D3A029,HCC22
D3A090,HCC22
D3A091,HCC22
D3A092,HCC22
D3A093,HCC22
D3A094,HCC22
D3A095,HCC22
D3A096,HCC22
D3A098,HCC22
D3A8,HCC22
D420,HCC23
D421,HCC23
D429,HCC23
D430,HCC23
D431,HCC23
D432,HCC23
D433,HCC23
D434,HCC23
D438,HCC23
D439,HCC23
D443,HCC23
D444,HCC23
D445,HCC23
D446,HCC23
D447,HCC23
D45,HCC23
D460,HCC19
D461,HCC19
D4620,HCC19
D4621,HCC19
D4622,HCC17
D464,HCC19
D469,HCC19
D46A,HCC19
D46B,HCC19
D46C,HCC19
D46Z,HCC19
D471,HCC21
D473,HCC23
D474,HCC19
D479,HCC21
D47Z1,HCC21
D47Z2,HCC21
D47Z9,HCC21
D496,HCC23
D561,HCC108
D562,HCC108
D565,HCC108
D5700,HCC107
D5701,HCC107
D5702,HCC107
D5703,HCC107
D5704,HCC107
D5709,HCC107
D571,HCC107
D5720,HCC108
D57211,HCC108
D57212,HCC108
D57213,HCC108
D57214,HCC108
D57218,HCC108
D57219,HCC108
D5740,HCC108
D57411,HCC108
D57412,HCC108
D57413,HCC108
D57414,HCC108
D57418,HCC108
D57419,HCC108
D5742,HCC107
D57431,HCC107
D57432,HCC107
D57433,HCC107
D57434,HCC107
D57438,HCC107
D57439,HCC107
D5744,HCC108
D57451,HCC108
D57452,HCC108
D57453,HCC108
D57454,HCC108
D57458,HCC108
D57459,HCC108
D5780,HCC108
D57811,HCC108
D57812,HCC108
D57813,HCC108
D57814,HCC108
D57818,HCC108
D57819,HCC108
D5910,HCC109
D5911,HCC109
D5912,HCC109
D5913,HCC109
D5919,HCC109
D5930,HCC109
D5931,HCC109
D5932,HCC109
D5939,HCC109
D594,HCC109
D595,HCC109
D596,HCC109
D598,HCC109
D599,HCC109
D600,HCC109
D608,HCC109
D609,HCC109
D6101,HCC109
D6102,HCC109
D6103,HCC109
D6109,HCC109
D612,HCC109
D613,HCC109
D61818,HCC109
D6182,HCC109
D6189,HCC109
D640,HCC109
D641,HCC109
D643,HCC109
D644,HCC109
D66,HCC111
D66,HCC111
D66,HCC112
D67,HCC111
D67,HCC111
D67,HCC112
D6800,HCC112
D6801,HCC112
D68020,HCC112
D68021,HCC112
D68022,HCC112
D68023,HCC112
D68029,HCC112
D6803,HCC112
D6804,HCC112
D6809,HCC112
D681,HCC112
D682,HCC112
D68311,HCC112
D691,HCC112
D693,HCC112
D6941,HCC112
D6942,HCC112
D6949,HCC112
D700,HCC115
D704,HCC115
D71,HCC115
D711,HCC115
D718,HCC115
D719,HCC115
D720,HCC115
D7581,HCC19
D7584,HCC112
D761,HCC115
D763,HCC115
D800,HCC115
D802,HCC115
D803,HCC115
D804,HCC115
D805,HCC115
D810,HCC114
D811,HCC114
D812,HCC114
D8130,HCC114
D8131,HCC114
D8132,HCC114
D8139,HCC114
D814,HCC115
D815,HCC114
D816,HCC114
D817,HCC114
D8182,HCC114
D8189,HCC114
D819,HCC114
D820,HCC115
D821,HCC115
D830,HCC114
D831,HCC114
D832,HCC114
D838,HCC114
D839,HCC114
D841,HCC115
D863,HCC387
D8686,HCC93
D8687,HCC93
D89810,HCC454
D89811,HCC454
D89812,HCC454
D89813,HCC454
D8984,HCC115
E035,HCC202
E0800,HCC36
E0801,HCC36
E0810,HCC36
E0811,HCC36
E0821,HCC37
E0822,HCC37
E0829,HCC37
E08311,HCC298
E08311,HCC37
E08319,HCC37
E083211,HCC298
E083211,HCC37
E083212,HCC298
E083212,HCC37
E083213,HCC298
E083213,HCC37
E083219,HCC298
E083219,HCC37
E083291,HCC37
E083292,HCC37
E083293,HCC37
E083299,HCC37
E083311,HCC298
E083311,HCC37
E083312,HCC298
E083312,HCC37
E083313,HCC298
E083313,HCC37
E083319,HCC298
E083319,HCC37
E083391,HCC37
E083392,HCC37
E083393,HCC37
E083399,HCC37
E083411,HCC298
E083411,HCC37
E083412,HCC298
E083412,HCC37
E083413,HCC298
E083413,HCC37
E083419,HCC298
E083419,HCC37
E083491,HCC37
E083492,HCC37
E083493,HCC37
E083499,HCC37
E083511,HCC298
E083511,HCC37
E083512,HCC298
E083512,HCC37
E083513,HCC298
E083513,HCC37
E083519,HCC298
E083519,HCC37
E083521,HCC298
E083521,HCC37
E083522,HCC298
E083522,HCC37
E083523,HCC298
E083523,HCC37
E083529,HCC298
E083529,HCC37
E083531,HCC298
E083531,HCC37
E083532,HCC298
E083532,HCC37
E083533,HCC298
E083533,HCC37
E083539,HCC298
E083539,HCC37
E083541,HCC298
E083541,HCC37
E083542,HCC298
E083542,HCC37
E083543,HCC298
E083543,HCC37
E083549,HCC298
E083549,HCC37
E083551,HCC298
E083551,HCC37
E083552,HCC298
E083552,HCC37
E083553,HCC298
E083553,HCC37
E083559,HCC298
E083559,HCC37
E083591,HCC298
E083591,HCC37
E083592,HCC298
E083592,HCC37
E083593,HCC298
E083593,HCC37
E083599,HCC298
E083599,HCC37
E0836,HCC37
E0837X1,HCC37
E0837X2,HCC37
E0837X3,HCC37
E0837X9,HCC37
E0839,HCC37
E0840,HCC37
E0841,HCC37
E0842,HCC37
E0843,HCC37
E0844,HCC37
E0849,HCC37
E0851,HCC37
E0852,HCC263
E0852,HCC37
E0859,HCC37
E08610,HCC37
E08618,HCC37
E08620,HCC37
E08621,HCC37
E08621,HCC383
E08622,HCC37
E08622,HCC383
E08628,HCC37
E08630,HCC37
E08638,HCC37
E08641,HCC36
E08649,HCC38
E0865,HCC38
E0869,HCC37
E088,HCC38
E089,HCC38
E1010,HCC36
E1010,HCC36
E1011,HCC36
E1011,HCC36
E1021,HCC37
E1021,HCC37
E1022,HCC37
E1022,HCC37
E1029,HCC37
E1029,HCC37
E10311,HCC298
E10311,HCC37
E10311,HCC37
E10319,HCC37
E10319,HCC37
E103211,HCC298
E103211,HCC37
E103211,HCC37
E103212,HCC298
E103212,HCC37
E103212,HCC37
E103213,HCC298
E103213,HCC37
E103213,HCC37
E103219,HCC298
E103219,HCC37
E103219,HCC37
E103291,HCC37
E103291,HCC37
E103292,HCC37
E103292,HCC37
E103293,HCC37
E103293,HCC37
E103299,HCC37
E103299,HCC37
E103311,HCC298
E103311,HCC37
E103311,HCC37
E103312,HCC298
E103312,HCC37
E103312,HCC37
E103313,HCC298
E103313,HCC37
E103313,HCC37
E103319,HCC298
E103319,HCC37
E103319,HCC37
E103391,HCC37
E103391,HCC37
E103392,HCC37
E103392,HCC37
E103393,HCC37
E103393,HCC37
E103399,HCC37
E103399,HCC37
E103411,HCC298
E103411,HCC37
E103411,HCC37
E103412,HCC298
E103412,HCC37
E103412,HCC37
E103413,HCC298
E103413,HCC37
E103413,HCC37
E103419,HCC298
E103419,HCC37
E103419,HCC37
E103491,HCC37
E103491,HCC37
E103492,HCC37
E103492,HCC37
E103493,HCC37
E103493,HCC37
E103499,HCC37
E103499,HCC37
E103511,HCC298
E103511,HCC37
E103511,HCC37
E103512,HCC298
E103512,HCC37
E103512,HCC37
E103513,HCC298
E103513,HCC37
E103513,HCC37
E103519,HCC298
E103519,HCC37
E103519,HCC37
E103521,HCC298
E103521,HCC37
E103521,HCC37
E103522,HCC298
E103522,HCC37
E103522,HCC37
E103523,HCC298
E103523,HCC37
E103523,HCC37
E103529,HCC298
E103529,HCC37
E103529,HCC37
E103531,HCC298
E103531,HCC37
E103531,HCC37
E103532,HCC298
E103532,HCC37
E103532,HCC37
E103533,HCC298
E103533,HCC37
E103533,HCC37
E103539,HCC298
E103539,HCC37
E103539,HCC37
E103541,HCC298
E103541,HCC37
E103541,HCC37
E103542,HCC298
E103542,HCC37
E103542,HCC37
E103543,HCC298
E103543,HCC37
E103543,HCC37
E103549,HCC298
E103549,HCC37
E103549,HCC37
E103551,HCC298
E103551,HCC37
E103551,HCC37
E103552,HCC298
E103552,HCC37
E103552,HCC37
E103553,HCC298
E103553,HCC37
E103553,HCC37
E103559,HCC298
E103559,HCC37
E103559,HCC37
E103591,HCC298
E103591,HCC37
E103591,HCC37
E103592,HCC298
E103592,HCC37
E103592,HCC37
E103593,HCC298
E103593,HCC37
E103593,HCC37
E103599,HCC298
E103599,HCC37
E103599,HCC37
E1036,HCC37
E1036,HCC37
E1037X1,HCC37
E1037X1,HCC37
E1037X2,HCC37
E1037X2,HCC37
E1037X3,HCC37
E1037X3,HCC37
E1037X9,HCC37
E1037X9,HCC37
E1039,HCC37
E1039,HCC37
E1040,HCC37
E1040,HCC37
E1041,HCC37
E1041,HCC37
E1042,HCC37
E1042,HCC37
E1043,HCC37
E1043,HCC37
E1044,HCC37
E1044,HCC37
E1049,HCC37
E1049,HCC37
E1051,HCC37
E1051,HCC37
E1052,HCC263
E1052,HCC37
E1052,HCC37
E1059,HCC37
E1059,HCC37
E10610,HCC37
E10610,HCC37
E10618,HCC37
E10618,HCC37
E10620,HCC37
E10620,HCC37
E10621,HCC37
E10621,HCC37
E10621,HCC383
E10622,HCC37
E10622,HCC37
E10622,HCC383
E10628,HCC37
E10628,HCC37
E10630,HCC37
E10630,HCC37
E10638,HCC37
E10638,HCC37
E10641,HCC36
E10641,HCC36
E10649,HCC38
E10649,HCC38
E1065,HCC38
E1065,HCC38
E1069,HCC37
E1069,HCC37
E108,HCC38
E108,HCC38
E109,HCC38
E109,HCC38
E1100,HCC36
E1101,HCC36
E1110,HCC36
E1111,HCC36
E1121,HCC37
E1122,HCC37
E1129,HCC37
E11311,HCC298
E11311,HCC37
E11319,HCC37
E113211,HCC298
E113211,HCC37
E113212,HCC298
E113212,HCC37
E113213,HCC298
E113213,HCC37
E113219,HCC298
E113219,HCC37
E113291,HCC37
E113292,HCC37
E113293,HCC37
E113299,HCC37
E113311,HCC298
E113311,HCC37
E113312,HCC298
E113312,HCC37
E113313,HCC298
E113313,HCC37
E113319,HCC298
E113319,HCC37
E113391,HCC37
E113392,HCC37
E113393,HCC37
E113399,HCC37
E113411,HCC298
E113411,HCC37
E113412,HCC298
E113412,HCC37
E113413,HCC298
E113413,HCC37
E113419,HCC298
E113419,HCC37
E113491,HCC37
E113492,HCC37
E113493,HCC37
E113499,HCC37
E113511,HCC298
E113511,HCC37
E113512,HCC298
E113512,HCC37
E113513,HCC298
E113513,HCC37
E113519,HCC298
E113519,HCC37
E113521,HCC298
E113521,HCC37
E113522,HCC298
E113522,HCC37
E113523,HCC298
E113523,HCC37
E113529,HCC298
E113529,HCC37
E113531,HCC298
E113531,HCC37
E113532,HCC298
E113532,HCC37
E113533,HCC298
E113533,HCC37
E113539,HCC298
E113539,HCC37
E113541,HCC298
E113541,HCC37
E113542,HCC298
E113542,HCC37
E113543,HCC298
E113543,HCC37
E113549,HCC298
E113549,HCC37
E113551,HCC298
E113551,HCC37
E113552,HCC298
E113552,HCC37
E113553,HCC298
E113553,HCC37
E113559,HCC298
E113559,HCC37
E113591,HCC298
E113591,HCC37
E113592,HCC298
E113592,HCC37
E113593,HCC298
E113593,HCC37
E113599,HCC298
E113599,HCC37
E1136,HCC37
E1137X1,HCC37
E1137X2,HCC37
E1137X3,HCC37
E1137X9,HCC37
E1139,HCC37
E1140,HCC37
E1141,HCC37
E1142,HCC37
E1143,HCC37
E1144,HCC37
E1149,HCC37
E1151,HCC37
E1152,HCC263
E1152,HCC37
E1159,HCC37
E11610,HCC37
E11618,HCC37
E11620,HCC37
E11621,HCC37
E11621,HCC383
E11622,HCC37
E11622,HCC383
E11628,HCC37
E11630,HCC37
E11638,HCC37
E11641,HCC36
E11649,HCC38
E1165,HCC38
E1169,HCC37
E118,HCC38
E119,HCC38
E1300,HCC36
E1301,HCC36
E1310,HCC36
E1311,HCC36
E1321,HCC37
E1322,HCC37
E1329,HCC37
E13311,HCC298
E13311,HCC37
E13319,HCC37
E133211,HCC298
E133211,HCC37
E133212,HCC298
E133212,HCC37
E133213,HCC298
E133213,HCC37
E133219,HCC298
E133219,HCC37
E133291,HCC37
E133292,HCC37
E133293,HCC37
E133299,HCC37
E133311,HCC298
E133311,HCC37
E133312,HCC298
E133312,HCC37
E133313,HCC298
E133313,HCC37
E133319,HCC298
E133319,HCC37
E133391,HCC37
E133392,HCC37
E133393,HCC37
E133399,HCC37
E133411,HCC298
E133411,HCC37
E133412,HCC298
E133412,HCC37
E133413,HCC298
E133413,HCC37
E133419,HCC298
E133419,HCC37
E133491,HCC37
E133492,HCC37
E133493,HCC37
E133499,HCC37
E133511,HCC298
E133511,HCC37
E133512,HCC298
E133512,HCC37
E133513,HCC298
E133513,HCC37
E133519,HCC298
E133519,HCC37
E133521,HCC298
E133521,HCC37
E133522,HCC298
E133522,HCC37
E133523,HCC298
E133523,HCC37
E133529,HCC298
E133529,HCC37
E133531,HCC298
E133531,HCC37
E133532,HCC298
E133532,HCC37
E133533,HCC298
E133533,HCC37
E133539,HCC298
E133539,HCC37
E133541,HCC298
E133541,HCC37
E133542,HCC298
E133542,HCC37
E133543,HCC298
E133543,HCC37
E133549,HCC298
E133549,HCC37
E133551,HCC298
E133551,HCC37
E133552,HCC298
E133552,HCC37
E133553,HCC298
E133553,HCC37
E133559,HCC298
E133559,HCC37
E133591,HCC298
E133591,HCC37
E133592,HCC298
E133592,HCC37
E133593,HCC298
E133593,HCC37
E133599,HCC298
E133599,HCC37
E1336,HCC37
E1337X1,HCC37
E1337X2,HCC37
E1337X3,HCC37
E1337X9,HCC37
E1339,HCC37
E1340,HCC37
E1341,HCC37
E1342,HCC37
E1343,HCC37
E1344,HCC37
E1349,HCC37
E1351,HCC37
E1352,HCC263
E1352,HCC37
E1359,HCC37
E13610,HCC37
E13618,HCC37
E13620,HCC37
E13621,HCC37
E13621,HCC383
E13622,HCC37
E13622,HCC383
E13628,HCC37
E13630,HCC37
E13638,HCC37
E13641,HCC36
E13649,HCC38
E1365,HCC38
E1369,HCC37
E138,HCC38
E139,HCC38
E220,HCC51
E240,HCC51
E271,HCC51
E310,HCC51
E311,HCC51
E3120,HCC51
E3121,HCC51
E3122,HCC51
E3123,HCC51
E318,HCC51
E319,HCC51
E3400,HCC17
E3401,HCC17
E3409,HCC17
E6601,HCC48
E662,HCC48
E66813,HCC48
E7253,HCC50
E7253,HCC50
E72530,HCC50
E72530,HCC50
E72538,HCC50
E72538,HCC50
E72539,HCC50
E72539,HCC50
E7400,HCC50
E7401,HCC50
E7402,HCC49
E7403,HCC50
E7404,HCC50
E7405,HCC50
E7409,HCC50
E7521,HCC49
E7522,HCC49
E7601,HCC49
E7602,HCC49
E7603,HCC49
E761,HCC49
E76210,HCC49
E76211,HCC49
E76219,HCC49
E7622,HCC49
E7629,HCC49
E763,HCC49
E791,HCC50
E800,HCC50
E801,HCC50
E8020,HCC50
E8021,HCC50
E8029,HCC50
E803,HCC50
E8300,HCC50
E8301,HCC50
E8309,HCC50
E8331,HCC50
E840,HCC277
E8411,HCC277
E8419,HCC277
E848,HCC277
E849,HCC277
E850,HCC50
E851,HCC50
E852,HCC50
E853,HCC50
E854,HCC50
E8581,HCC50
E8582,HCC50
E8589,HCC50
E859,HCC50
E8801,HCC50
E8889,HCC50
F0150,HCC127
F01511,HCC127
F01518,HCC127
F0152,HCC127
F0153,HCC127
F0154,HCC127
F01A0,HCC127
F01A11,HCC127
F01A18,HCC127
F01A2,HCC127
F01A3,HCC127
F01A4,HCC127
F01B0,HCC126
F01B11,HCC126
F01B18,HCC126
F01B2,HCC126
F01B3,HCC126
F01B4,HCC126
F01C0,HCC125
F01C11,HCC125
F01C18,HCC125
F01C2,HCC125
F01C3,HCC125
F01C4,HCC125
F0280,HCC127
F02811,HCC127
F02818,HCC127
F0282,HCC127
F0283,HCC127
F0284,HCC127
F02A0,HCC127
F02A11,HCC127
F02A18,HCC127
F02A2,HCC127
F02A3,HCC127
F02A4,HCC127
F02B0,HCC126
F02B11,HCC126
F02B18,HCC126
F02B2,HCC126
F02B3,HCC126
F02B4,HCC126
F02C0,HCC125
F02C11,HCC125
F02C18,HCC125
F02C2,HCC125
F02C3,HCC125
F02C4,HCC125
F0390,HCC127
F03911,HCC127
F03918,HCC127
F0392,HCC127
F0393,HCC127
F0394,HCC127
F03A0,HCC127
F03A11,HCC127
F03A18,HCC127
F03A2,HCC127
F03A3,HCC127
F03A4,HCC127
F03B0,HCC126
F03B11,HCC126
F03B18,HCC126
F03B2,HCC126
F03B3,HCC126
F03B4,HCC126
F03C0,HCC125
F03C11,HCC125
F03C18,HCC125
F03C2,HCC125
F03C3,HCC125
F03C4,HCC125
F10130,HCC139
F10131,HCC136
F10132,HCC136
F10139,HCC139
F1014,HCC139
F10150,HCC136
F10151,HCC136
F10159,HCC136
F10180,HCC139
F10181,HCC139
F10182,HCC139
F10188,HCC139
F1020,HCC139
F1021,HCC139
F10220,HCC139
F10221,HCC139
F10229,HCC139
F10230,HCC139
F10231,HCC136
F10232,HCC136
F10239,HCC139
F1024,HCC139
F10250,HCC136
F10251,HCC136
F10259,HCC136
F1026,HCC136
F1027,HCC136
F10280,HCC139
F10281,HCC139
F10282,HCC139
F10288,HCC139
F1029,HCC139
F10930,HCC139
F10931,HCC136
F10932,HCC136
F10939,HCC139
F1094,HCC139
F10950,HCC136
F10951,HCC136
F10959,HCC136
F1096,HCC136
F1097,HCC136
F10980,HCC139
F10981,HCC139
F10982,HCC139
F10988,HCC139
F1110,HCC138
F1111,HCC138
F11120,HCC137
F11121,HCC137
F11122,HCC137
F11129,HCC137
F1113,HCC137
F1114,HCC137
F11150,HCC135
F11151,HCC135
F11159,HCC135
F11181,HCC137
F11182,HCC137
F11188,HCC137
F1119,HCC137
F1120,HCC137
F1121,HCC137
F11220,HCC137
F11221,HCC137
F11222,HCC137
F11229,HCC137
F1123,HCC137
F1124,HCC137
F11250,HCC135
F11251,HCC135
F11259,HCC135
F11281,HCC137
F11282,HCC137
F11288,HCC137
F1129,HCC137
F11920,HCC137
F11921,HCC137
F11922,HCC137
F11929,HCC137
F1193,HCC137
F1194,HCC137
F11950,HCC135
F11951,HCC135
F11959,HCC135
F11981,HCC137
F11982,HCC137
F11988,HCC137
F1199,HCC137
F1213,HCC137
F12150,HCC135
F12151,HCC135
F12159,HCC135
F12180,HCC137
F12188,HCC137
F1220,HCC137
F1221,HCC137
F12220,HCC137
F12221,HCC137
F12222,HCC137
F12229,HCC137
F1223,HCC137
F12250,HCC135
F12251,HCC135
F12259,HCC135
F12280,HCC137
F12288,HCC137
F1229,HCC137
F1293,HCC137
F12950,HCC135
F12951,HCC135
F12959,HCC135
F12980,HCC137
F12988,HCC137
F1310,HCC138
F1311,HCC138
F13120,HCC137
F13121,HCC137
F13129,HCC137
F13130,HCC137
F13131,HCC135
F13132,HCC135
F13139,HCC137
F1314,HCC137
F13150,HCC135
F13151,HCC135
F13159,HCC135
F13180,HCC137
F13181,HCC137
F13182,HCC137
F13188,HCC137
F1319,HCC137
F1320,HCC137
F1321,HCC137
F13220,HCC137
F13221,HCC137
F13229,HCC137
F13230,HCC137
F13231,HCC135
F13232,HCC135
F13239,HCC137
F1324,HCC137
F13250,HCC135
F13251,HCC135
F13259,HCC135
F1326,HCC135
F1327,HCC135
F13280,HCC137
F13281,HCC137
F13282,HCC137
F13288,HCC137
F1329,HCC137
F13920,HCC137
F13921,HCC137
F13929,HCC137
F13930,HCC137
F13931,HCC135
F13932,HCC135
F13939,HCC137
F1394,HCC137
F13950,HCC135
F13951,HCC135
F13959,HCC135
F1396,HCC135
F1397,HCC135
F13980,HCC137
F13981,HCC137
F13982,HCC137
F13988,HCC137
F1399,HCC137
F1410,HCC138
F1411,HCC138
F14120,HCC137
F14121,HCC137
F14122,HCC137
F14129,HCC137
F1413,HCC137
F1414,HCC137
F14150,HCC135
F14151,HCC135
F14159,HCC135
F14180,HCC137
F14181,HCC137
F14182,HCC137
F14188,HCC137
F1419,HCC137
F1420,HCC137
F1421,HCC137
F14220,HCC137
F14221,HCC137
F14222,HCC137
F14229,HCC137
F1423,HCC137
F1424,HCC137
F14250,HCC135
F14251,HCC135
F14259,HCC135
F14280,HCC137
F14281,HCC137
F14282,HCC137
F14288,HCC137
F1429,HCC137
F14920,HCC137
F14921,HCC137
F14922,HCC137
F14929,HCC137
F1493,HCC137
F1494,HCC137
F14950,HCC135
F14951,HCC135
F14959,HCC135
F14980,HCC137
F14981,HCC137
F14982,HCC137
F14988,HCC137
F1499,HCC137
F1510,HCC138
F1511,HCC138
F15120,HCC137
F15121,HCC137
F15122,HCC137
F15129,HCC137
F1513,HCC137
F1514,HCC137
F15150,HCC135
F15151,HCC135
F15159,HCC135
F15180,HCC137
F15181,HCC137
F15182,HCC137
F15188,HCC137
F1519,HCC137
F1520,HCC137
F1521,HCC137
F15220,HCC137
F15221,HCC137
F15222,HCC137
F15229,HCC137
F1523,HCC137
F1524,HCC137
F15250,HCC135
F15251,HCC135
F15259,HCC135
F15280,HCC137
F15281,HCC137
F15282,HCC137
F15288,HCC137
F1529,HCC137
F15920,HCC137
F15921,HCC137
F15922,HCC137
F15929,HCC137
F1593,HCC137
F1594,HCC137
F15950,HCC135
F15951,HCC135
F15959,HCC135
F15980,HCC137
F15981,HCC137
F15982,HCC137
F15988,HCC137
F1599,HCC137
F1610,HCC138
F1611,HCC138
F16120,HCC137
F16121,HCC137
F16122,HCC137
F16129,HCC137
F1614,HCC137
F16150,HCC135
F16151,HCC135
F16159,HCC135
F16180,HCC137
F16183,HCC137
F16188,HCC137
F1619,HCC137
F1620,HCC137
F1621,HCC137
F16220,HCC137
F16221,HCC137
F16229,HCC137
F1624,HCC137
F16250,HCC135
F16251,HCC135
F16259,HCC135
F16280,HCC137
F16283,HCC137
F16288,HCC137
F1629,HCC137
F16920,HCC137
F16921,HCC137
F16929,HCC137
F1694,HCC137
F16950,HCC135
F16951,HCC135
F16959,HCC135
F16980,HCC137
F16983,HCC137
F16988,HCC137
F1699,HCC137
F1810,HCC138
F1811,HCC138
F18120,HCC137
F18121,HCC137
F18129,HCC137
F1814,HCC137
F18150,HCC135
F18151,HCC135
F18159,HCC135
F1817,HCC135
F18180,HCC137
F18188,HCC137
F1819,HCC137
F1820,HCC137
F1821,HCC137
F18220,HCC137
F18221,HCC137
F18229,HCC137
F1824,HCC137
F18250,HCC135
F18251,HCC135
F18259,HCC135
F1827,HCC135
F18280,HCC137
F18288,HCC137
F1829,HCC137
F18920,HCC137
F18921,HCC137
F18929,HCC137
F1894,HCC137
F18950,HCC135
F18951,HCC135
F18959,HCC135
F1897,HCC135
F18980,HCC137
F18988,HCC137
F1899,HCC137
F1910,HCC138
F1911,HCC138
F19120,HCC137
F19121,HCC137
F19122,HCC137
F19129,HCC137
F19130,HCC137
F19131,HCC135
F19132,HCC135
F19139,HCC137
F1914,HCC137
F19150,HCC135
F19151,HCC135
F19159,HCC135
F1916,HCC135
F1917,HCC135
F19180,HCC137
F19181,HCC137
F19182,HCC137
F19188,HCC137
F1919,HCC137
F1920,HCC137
F1921,HCC137
F19220,HCC137
F19221,HCC137
F19222,HCC137
F19229,HCC137
F19230,HCC137
F19231,HCC135
F19232,HCC135
F19239,HCC137
F1924,HCC137
F19250,HCC135
F19251,HCC135
F19259,HCC135
F1926,HCC135
F1927,HCC135
F19280,HCC137
F19281,HCC137
F19282,HCC137
F19288,HCC137
F1929,HCC137
F19920,HCC137
F19921,HCC137
F19922,HCC137
F19929,HCC137
F19930,HCC137
F19931,HCC135
F19932,HCC135
F19939,HCC137
F1994,HCC137
F19950,HCC135
F19951,HCC135
F19959,HCC135
F1996,HCC135
F1997,HCC135
F19980,HCC137
F19981,HCC137
F19982,HCC137
F19988,HCC137
F1999,HCC137
F200,HCC151
F200,HCC151
F201,HCC151
F201,HCC151
F202,HCC151
F202,HCC151
F203,HCC151
F203,HCC151
F205,HCC151
F205,HCC151
F2081,HCC151
F2081,HCC151
F2089,HCC151
F2089,HCC151
F209,HCC151
F209,HCC151
F21,HCC153
F21,HCC153
F22,HCC152
F22,HCC152
F23,HCC152
F23,HCC152
F24,HCC152
F24,HCC152
F250,HCC151
F250,HCC151
F251,HCC151
F251,HCC151
F258,HCC151
F258,HCC151
F259,HCC151
F259,HCC151
F28,HCC152
F28,HCC152
F29,HCC152
F29,HCC152
F3010,HCC154
F3010,HCC154
F3011,HCC154
F3011,HCC154
F3012,HCC154
F3012,HCC154
F3013,HCC154
F3013,HCC154
F302,HCC152
F302,HCC152
F303,HCC154
F303,HCC154
F308,HCC154
F308,HCC154
F309,HCC154
F309,HCC154
F310,HCC154
F310,HCC154
F3110,HCC154
F3110,HCC154
F3111,HCC154
F3111,HCC154
F3112,HCC154
F3112,HCC154
F3113,HCC154
F3113,HCC154
F312,HCC152
F312,HCC152
F3130,HCC154
F3130,HCC154
F3131,HCC154
F3131,HCC154
F3132,HCC154
F3132,HCC154
F314,HCC154
F314,HCC154
F315,HCC152
F315,HCC152
F3160,HCC154
F3160,HCC154
F3161,HCC154
F3161,HCC154
F3162,HCC154
F3162,HCC154
F3163,HCC154
F3163,HCC154
F3164,HCC152
F3164,HCC152
F3171,HCC154
F3171,HCC154
F3173,HCC154
F3173,HCC154
F3175,HCC154
F3175,HCC154
F3177,HCC154
F3177,HCC154
F3181,HCC154
F3181,HCC154
F3189,HCC154
F3189,HCC154
F319,HCC154
F319,HCC154
F321,HCC155
F322,HCC155
F322,HCC155
F323,HCC152
F323,HCC152
F331,HCC155
F332,HCC155
F332,HCC155
F333,HCC152
F333,HCC152
F440,HCC153
F440,HCC153
F441,HCC153
F441,HCC153
F4481,HCC153
F4481,HCC153
F481,HCC153
F481,HCC153
F5000,HCC153
F5000,HCC153
F50010,HCC153
F50010,HCC153
F50011,HCC153
F50011,HCC153
F50012,HCC153
F50012,HCC153
F50013,HCC153
F50013,HCC153
F50014,HCC153
F50014,HCC153
F50019,HCC153
F50019,HCC153
F50020,HCC153
F50020,HCC153
F50021,HCC153
F50021,HCC153
F50022,HCC153
F50022,HCC153
F50023,HCC153
F50023,HCC153
F50024,HCC153
F50024,HCC153
F50029,HCC153
F50029,HCC153
F5020,HCC153
F5020,HCC153
F5021,HCC153
F5021,HCC153
F5022,HCC153
F5022,HCC153
F5023,HCC153
F5023,HCC153
F5024,HCC153
F5024,HCC153
F5025,HCC153
F5025,HCC153
F531,HCC152
F600,HCC153
F600,HCC153
F601,HCC153
F601,HCC153
F602,HCC153
F602,HCC153
F603,HCC153
F603,HCC153
F604,HCC153
F604,HCC153
F605,HCC153
F605,HCC153
F606,HCC153
F606,HCC153
F607,HCC153
F607,HCC153
F6081,HCC153
F6081,HCC153
F6089,HCC153
F6089,HCC153
F609,HCC153
F609,HCC153
G041,HCC182
G0482,HCC182
G0489,HCC182
G0491,HCC182
G054,HCC182
G10,HCC200
G110,HCC200
G1110,HCC200
G1111,HCC200
G1119,HCC200
G112,HCC200
G113,HCC200
G114,HCC200
G115,HCC200
G116,HCC200
G118,HCC200
G119,HCC200
G120,HCC190
G121,HCC190
G1220,HCC190
G1221,HCC190
G1222,HCC190
G1223,HCC190
G1224,HCC190
G1225,HCC190
G1229,HCC190
G128,HCC190
G129,HCC190
G14,HCC182
G20A1,HCC199
G20A2,HCC199
G20B1,HCC199
G20B2,HCC199
G20C,HCC199
G213,HCC199
G214,HCC199
G218,HCC199
G219,HCC199
G230,HCC199
G231,HCC199
G232,HCC199
G233,HCC199
G238,HCC199
G239,HCC199
G300,HCC127
G301,HCC127
G308,HCC127
G309,HCC127
G3101,HCC127
G3109,HCC127
G3180,HCC200
G3181,HCC127
G3182,HCC127
G3183,HCC127
G3186,HCC127
G320,HCC182
G3281,HCC182
G35,HCC198
G35A,HCC198
G35B0,HCC198
G35B1,HCC198
G35B2,HCC198
G35C0,HCC198
G35C1,HCC198
G35C2,HCC198
G35D,HCC198
G360,HCC198
G361,HCC198
G368,HCC198
G369,HCC198
G370,HCC198
G371,HCC198
G372,HCC198
G373,HCC182
G374,HCC182
G375,HCC198
G3781,HCC198
G3789,HCC198
G379,HCC198
G40001,HCC201
G40009,HCC201
G40011,HCC201
G40019,HCC201
G40101,HCC201
G40109,HCC201
G40111,HCC201
G40119,HCC201
G40201,HCC201
G40209,HCC201
G40211,HCC201
G40219,HCC201
G40301,HCC201
G40309,HCC201
G40311,HCC201
G40319,HCC201
G40401,HCC201
G40409,HCC201
G40411,HCC201
G40419,HCC201
G4042,HCC201
G40501,HCC201
G40509,HCC201
G40801,HCC201
G40802,HCC201
G40803,HCC201
G40804,HCC201
G40811,HCC201
G40812,HCC201
G40813,HCC201
G40814,HCC201
G40821,HCC201
G40822,HCC201
G40823,HCC201
G40824,HCC201
G40833,HCC201
G40834,HCC201
G40841,HCC201
G40842,HCC201
G40843,HCC201
G40844,HCC201
G4089,HCC201
G40901,HCC201
G40909,HCC201
G40911,HCC201
G40919,HCC201
G40A01,HCC201
G40A09,HCC201
G40A11,HCC201
G40A19,HCC201
G40B01,HCC201
G40B09,HCC201
G40B11,HCC201
G40B19,HCC201
G40C01,HCC201
G40C09,HCC201
G40C11,HCC201
G40C19,HCC201
G546,HCC409
G547,HCC409
G6181,HCC193
G6182,HCC193
G7000,HCC196
G7001,HCC195
G701,HCC196
G702,HCC196
G7080,HCC196
G7081,HCC196
G7089,HCC196
G709,HCC196
G7100,HCC197
G7101,HCC197
G7102,HCC197
G71031,HCC197
G71032,HCC197
G71033,HCC197
G710340,HCC197
G710341,HCC197
G710342,HCC197
G710349,HCC197
G71035,HCC197
G71036,HCC197
G71038,HCC197
G71039,HCC197
G7109,HCC197
G7111,HCC197
G7120,HCC197
G7121,HCC197
G71220,HCC197
G71228,HCC197
G7129,HCC197
G7241,HCC93
G731,HCC196
G733,HCC196
G800,HCC191
G801,HCC192
G802,HCC192
G803,HCC192
G804,HCC192
G808,HCC192
G809,HCC192
G8100,HCC253
G8101,HCC253
G8102,HCC253
G8103,HCC253
G8104,HCC253
G8110,HCC253
G8111,HCC253
G8112,HCC253
G8113,HCC253
G8114,HCC253
G8190,HCC253
G8191,HCC253
G8192,HCC253
G8193,HCC253
G8194,HCC253
G8220,HCC181
G8221,HCC181
G8222,HCC181
G8250,HCC180
G8251,HCC180
G8252,HCC180
G8253,HCC180
G8254,HCC180
G830,HCC254
G8310,HCC254
G8311,HCC254
G8312,HCC254
G8313,HCC254
G8314,HCC254
G8320,HCC254
G8321,HCC254
G8322,HCC254
G8323,HCC254
G8324,HCC254
G8330,HCC254
G8331,HCC254
G8332,HCC254
G8333,HCC254
G8334,HCC254
G834,HCC182
G835,HCC254
G8381,HCC254
G8382,HCC254
G8383,HCC254
G8384,HCC254
G8389,HCC254
G839,HCC254
G901,HCC182
G903,HCC199
G90B,HCC200
G910,HCC127
G911,HCC127
G912,HCC127
G913,HCC127
G914,HCC127
G918,HCC127
G919,HCC127
G931,HCC202
G9342,HCC200
G9343,HCC200
G9344,HCC200
G9345,HCC201
G935,HCC202
G936,HCC202
G937,HCC127
G950,HCC182
G9511,HCC182
G9519,HCC182
G9520,HCC182
G9529,HCC182
G9581,HCC182
G9589,HCC182
G959,HCC182
G992,HCC182
H348110,HCC298
H348111,HCC298
H348112,HCC298
H348120,HCC298
H348121,HCC298
H348122,HCC298
H348130,HCC298
H348131,HCC298
H348132,HCC298
H348190,HCC298
H348191,HCC298
H348192,HCC298
H348310,HCC298
H348311,HCC298
H348312,HCC298
H348320,HCC298
H348321,HCC298
H348322,HCC298
H348330,HCC298
H348331,HCC298
H348332,HCC298
H348390,HCC298
H348391,HCC298
H348392,HCC298
H353210,HCC300
H353210,HCC300
H353211,HCC300
H353211,HCC300
H353212,HCC300
H353212,HCC300
H353213,HCC300
H353213,HCC300
H353220,HCC300
H353220,HCC300
H353221,HCC300
H353221,HCC300
H353222,HCC300
H353222,HCC300
H353223,HCC300
H353223,HCC300
H353230,HCC300
H353230,HCC300
H353231,HCC300
H353231,HCC300
H353232,HCC300
H353232,HCC300
H353233,HCC300
H353233,HCC300
H353290,HCC300
H353290,HCC300
H353291,HCC300
H353291,HCC300
H353292,HCC300
H353292,HCC300
H353293,HCC300
H353293,HCC300
H36811,HCC108
H36812,HCC108
H36813,HCC108
H36819,HCC108
H36821,HCC108
H36821,HCC298
H36822,HCC108
H36822,HCC298
H36823,HCC108
H36823,HCC298
H36829,HCC108
H36829,HCC298
H4310,HCC298
H4311,HCC298
H4312,HCC298
H4313,HCC298
I0981,HCC226
I110,HCC226
I120,HCC326
I130,HCC226
I1311,HCC326
I132,HCC226
I132,HCC326
I200,HCC229
I2101,HCC228
I2102,HCC228
I2109,HCC228
I2111,HCC228
I2119,HCC228
I2121,HCC228
I2129,HCC228
I213,HCC228
I214,HCC228
I219,HCC228
I21A1,HCC228
I21A9,HCC228
I21B,HCC228
I220,HCC228
I221,HCC228
I222,HCC228
I228,HCC228
I229,HCC228
I230,HCC229
I231,HCC229
I232,HCC229
I233,HCC229
I234,HCC229
I235,HCC229
I236,HCC229
I237,HCC229
I238,HCC229
I240,HCC229
I241,HCC229
I2481,HCC229
I2489,HCC229
I249,HCC229
I25110,HCC229
I25700,HCC229
I25710,HCC229
I25720,HCC229
I25730,HCC229
I25750,HCC229
I25760,HCC229
I25790,HCC229
I2601,HCC267
I2602,HCC267
I2603,HCC267
I2604,HCC267
I2609,HCC267
I2690,HCC267
I2692,HCC267
I2693,HCC267
I2694,HCC267
I2695,HCC267
I2696,HCC267
I2699,HCC267
I270,HCC226
I271,HCC226
I2720,HCC226
I2721,HCC226
I2722,HCC226
I2723,HCC226
I2724,HCC226
I2729,HCC226
I2781,HCC226
I2782,HCC267
I2783,HCC226
I2789,HCC226
I279,HCC226
I280,HCC226
I281,HCC226
I288,HCC226
I289,HCC226
I3131,HCC17
I420,HCC227
I421,HCC227
I422,HCC227
I423,HCC227
I424,HCC227
I425,HCC227
I426,HCC227
I428,HCC227
I429,HCC227
I43,HCC227
I442,HCC238
I462,HCC213
I468,HCC213
I469,HCC213
I470,HCC238
I4720,HCC238
I4721,HCC238
I4729,HCC238
I479,HCC238
I480,HCC238
I4811,HCC238
I4819,HCC238
I4820,HCC238
I4821,HCC238
I483,HCC238
I484,HCC238
I4891,HCC238
I4892,HCC238
I4901,HCC213
I4902,HCC213
I492,HCC238
I495,HCC238
I501,HCC226
I5020,HCC226
I5021,HCC225
I5022,HCC226
I5023,HCC224
I5030,HCC226
I5031,HCC225
I5032,HCC226
I5033,HCC224
I5040,HCC226
I5041,HCC225
I5042,HCC226
I5043,HCC224
I50810,HCC226
I50811,HCC225
I50812,HCC226
I50813,HCC225
I50814,HCC226
I5082,HCC226
I5083,HCC226
I5084,HCC222
I5089,HCC226
I509,HCC226
I511,HCC229
I512,HCC229
I514,HCC227
I515,HCC227
I6000,HCC248
I6001,HCC248
I6002,HCC248
I6010,HCC248
I6011,HCC248
I6012,HCC248
I602,HCC248
I6030,HCC248
I6031,HCC248
I6032,HCC248
I604,HCC248
I6050,HCC248
I6051,HCC248
I6052,HCC248
I606,HCC248
I607,HCC248
I608,HCC248
I609,HCC248
I610,HCC248
I611,HCC248
I612,HCC248
I613,HCC248
I614,HCC248
I615,HCC248
I616,HCC248
I618,HCC248
I619,HCC248
I6200,HCC248
I6201,HCC248
I6202,HCC248
I6203,HCC248
I621,HCC248
I629,HCC248
I6300,HCC249
I63011,HCC249
I63012,HCC249
I63013,HCC249
I63019,HCC249
I6302,HCC249
I63031,HCC249
I63032,HCC249
I63033,HCC249
I63039,HCC249
I6309,HCC249
I6310,HCC249
I63111,HCC249
I63112,HCC249
I63113,HCC249
I63119,HCC249
I6312,HCC249
I63131,HCC249
I63132,HCC249
I63133,HCC249
I63139,HCC249
I6319,HCC249
I6320,HCC249
I63211,HCC249
I63212,HCC249
I63213,HCC249
I63219,HCC249
I6322,HCC249
I63231,HCC249
I63232,HCC249
I63233,HCC249
I63239,HCC249
I6329,HCC249
I6330,HCC249
I63311,HCC249
I63312,HCC249
I63313,HCC249
I63319,HCC249
I63321,HCC249
I63322,HCC249
I63323,HCC249
I63329,HCC249
I63331,HCC249
I63332,HCC249
I63333,HCC249
I63339,HCC249
I63341,HCC249
I63342,HCC249
I63343,HCC249
I63349,HCC249
I6339,HCC249
I6340,HCC249
I63411,HCC249
I63412,HCC249
I63413,HCC249
I63419,HCC249
I63421,HCC249
I63422,HCC249
I63423,HCC249
I63429,HCC249
I63431,HCC249
I63432,HCC249
I63433,HCC249
I63439,HCC249
I63441,HCC249
I63442,HCC249
I63443,HCC249
I63449,HCC249
I6349,HCC249
I6350,HCC249
I63511,HCC249
I63512,HCC249
I63513,HCC249
I63519,HCC249
I63521,HCC249
I63522,HCC249
I63523,HCC249
I63529,HCC249
I63531,HCC249
I63532,HCC249
I63533,HCC249
I63539,HCC249
I63541,HCC249
I63542,HCC249
I63543,HCC249
I63549,HCC249
I6359,HCC249
I636,HCC249
I6381,HCC249
I6389,HCC249
I639,HCC249
I673,HCC127
I69031,HCC254
I69032,HCC254
I69033,HCC254
I69034,HCC254
I69039,HCC254
I69041,HCC254
I69042,HCC254
I69043,HCC254
I69044,HCC254
I69049,HCC254
I69051,HCC253
I69052,HCC253
I69053,HCC253
I69054,HCC253
I69059,HCC253
I69061,HCC254
I69062,HCC254
I69063,HCC254
I69064,HCC254
I69065,HCC254
I69069,HCC254
I69131,HCC254
I69132,HCC254
I69133,HCC254
I69134,HCC254
I69139,HCC254
I69141,HCC254
I69142,HCC254
I69143,HCC254
I69144,HCC254
I69149,HCC254
I69151,HCC253
I69152,HCC253
I69153,HCC253
I69154,HCC253
I69159,HCC253
I69161,HCC254
I69162,HCC254
I69163,HCC254
I69164,HCC254
I69165,HCC254
I69169,HCC254
I69231,HCC254
I69232,HCC254
I69233,HCC254
I69234,HCC254
I69239,HCC254
I69241,HCC254
I69242,HCC254
I69243,HCC254
I69244,HCC254
I69249,HCC254
I69251,HCC253
I69252,HCC253
I69253,HCC253
I69254,HCC253
I69259,HCC253
I69261,HCC254
I69262,HCC254
I69263,HCC254
I69264,HCC254
I69265,HCC254
I69269,HCC254
I69331,HCC254
I69332,HCC254
I69333,HCC254
I69334,HCC254
I69339,HCC254
I69341,HCC254
I69342,HCC254
I69343,HCC254
I69344,HCC254
I69349,HCC254
I69351,HCC253
I69352,HCC253
I69353,HCC253
I69354,HCC253
I69359,HCC253
I69361,HCC254
I69362,HCC254
I69363,HCC254
I69364,HCC254
I69365,HCC254
I69369,HCC254
I69831,HCC254
I69832,HCC254
I69833,HCC254
I69834,HCC254
I69839,HCC254
I69841,HCC254
I69842,HCC254
I69843,HCC254
I69844,HCC254
I69849,HCC254
I69851,HCC253
I69852,HCC253
I69853,HCC253
I69854,HCC253
I69859,HCC253
I69861,HCC254
I69862,HCC254
I69863,HCC254
I69864,HCC254
I69865,HCC254
I69869,HCC254
I69931,HCC254
I69932,HCC254
I69933,HCC254
I69934,HCC254
I69939,HCC254
I69941,HCC254
I69942,HCC254
I69943,HCC254
I69944,HCC254
I69949,HCC254
I69951,HCC253
I69952,HCC253
I69953,HCC253
I69954,HCC253
I69959,HCC253
I69961,HCC254
I69962,HCC254
I69963,HCC254
I69964,HCC254
I69965,HCC254
I69969,HCC254
I70221,HCC264
I70222,HCC264
I70223,HCC264
I70228,HCC264
I70229,HCC264
I70231,HCC263
I70231,HCC383
I70232,HCC263
I70232,HCC383
I70233,HCC263
I70233,HCC383
I70234,HCC263
I70234,HCC383
I70235,HCC263
I70235,HCC383
I70238,HCC263
I70238,HCC383
I70239,HCC263
I70239,HCC383
I70241,HCC263
I70241,HCC383
I70242,HCC263
I70242,HCC383
I70243,HCC263
I70243,HCC383
I70244,HCC263
I70244,HCC383
I70245,HCC263
I70245,HCC383
I70248,HCC263
I70248,HCC383
I70249,HCC263
I70249,HCC383
I7025,HCC263
I7025,HCC383
I70261,HCC263
I70262,HCC263
I70263,HCC263
I70268,HCC263
I70269,HCC263
I70321,HCC264
I70322,HCC264
I70323,HCC264
I70328,HCC264
I70329,HCC264
I70331,HCC263
I70331,HCC383
I70332,HCC263
I70332,HCC383
I70333,HCC263
I70333,HCC383
I70334,HCC263
I70334,HCC383
I70335,HCC263
I70335,HCC383
I70338,HCC263
I70338,HCC383
I70339,HCC263
I70339,HCC383
I70341,HCC263
I70341,HCC383
I70342,HCC263
I70342,HCC383
I70343,HCC263
I70343,HCC383
I70344,HCC263
I70344,HCC383
I70345,HCC263
I70345,HCC383
I70348,HCC263
I70348,HCC383
I70349,HCC263
I70349,HCC383
I7035,HCC263
I7035,HCC383
I70361,HCC263
I70362,HCC263
I70363,HCC263
I70368,HCC263
I70369,HCC263
I70421,HCC264
I70422,HCC264
I70423,HCC264
I70428,HCC264
I70429,HCC264
I70431,HCC263
I70431,HCC383
I70432,HCC263
I70432,HCC383
I70433,HCC263
I70433,HCC383
I70434,HCC263
I70434,HCC383
I70435,HCC263
I70435,HCC383
I70438,HCC263
I70438,HCC383
I70439,HCC263
I70439,HCC383
I70441,HCC263
I70441,HCC383
I70442,HCC263
I70442,HCC383
I70443,HCC263
I70443,HCC383
I70444,HCC263
I70444,HCC383
I70445,HCC263
I70445,HCC383
I70448,HCC263
I70448,HCC383
I70449,HCC263
I70449,HCC383
I7045,HCC263
I7045,HCC383
I70461,HCC263
I70462,HCC263
I70463,HCC263
I70468,HCC263
I70469,HCC263
I70521,HCC264
I70522,HCC264
I70523,HCC264
I70528,HCC264
I70529,HCC264
I70531,HCC263
I70531,HCC383
I70532,HCC263
I70532,HCC383
I70533,HCC263
I70533,HCC383
I70534,HCC263
I70534,HCC383
I70535,HCC263
I70535,HCC383
I70538,HCC263
I70538,HCC383
I70539,HCC263
I70539,HCC383
I70541,HCC263
I70541,HCC383
I70542,HCC263
I70542,HCC383
I70543,HCC263
I70543,HCC383
I70544,HCC263
I70544,HCC383
I70545,HCC263
I70545,HCC383
I70548,HCC263
I70548,HCC383
I70549,HCC263
I70549,HCC383
I7055,HCC263
I7055,HCC383
I70561,HCC263
I70562,HCC263
I70563,HCC263
I70568,HCC263
I70569,HCC263
I70621,HCC264
I70622,HCC264
I70623,HCC264
I70628,HCC264
I70629,HCC264
I70631,HCC263
I70631,HCC383
I70632,HCC263
I70632,HCC383
I70633,HCC263
I70633,HCC383
I70634,HCC263
I70634,HCC383
I70635,HCC263
I70635,HCC383
I70638,HCC263
I70638,HCC383
I70639,HCC263
I70639,HCC383
I70641,HCC263
I70641,HCC383
I70642,HCC263
I70642,HCC383
I70643,HCC263
I70643,HCC383
I70644,HCC263
I70644,HCC383
I70645,HCC263
I70645,HCC383
I70648,HCC263
I70648,HCC383
I70649,HCC263
I70649,HCC383
I7065,HCC263
I7065,HCC383
I70661,HCC263
I70662,HCC263
I70663,HCC263
I70668,HCC263
I70669,HCC263
I70721,HCC264
I70722,HCC264
I70723,HCC264
I70728,HCC264
I70729,HCC264
I70731,HCC263
I70731,HCC383
I70732,HCC263
I70732,HCC383
I70733,HCC263
I70733,HCC383
I70734,HCC263
I70734,HCC383
I70735,HCC263
I70735,HCC383
I70738,HCC263
I70738,HCC383
I70739,HCC263
I70739,HCC383
I70741,HCC263
I70741,HCC383
I70742,HCC263
I70742,HCC383
I70743,HCC263
I70743,HCC383
I70744,HCC263
I70744,HCC383
I70745,HCC263
I70745,HCC383
I70748,HCC263
I70748,HCC383
I70749,HCC263
I70749,HCC383
I7075,HCC263
I7075,HCC383
I70761,HCC263
I70762,HCC263
I70763,HCC263
I70768,HCC263
I70769,HCC263
I7100,HCC264
I71010,HCC264
I71011,HCC264
I71012,HCC264
I71019,HCC264
I7102,HCC264
I7103,HCC264
I7110,HCC264
I7111,HCC264
I7112,HCC264
I7113,HCC264
I7130,HCC264
I7131,HCC264
I7132,HCC264
I7133,HCC264
I7150,HCC264
I7151,HCC264
I7152,HCC264
I718,HCC264
I7301,HCC263
I7401,HCC264
I7409,HCC264
I7410,HCC264
I7411,HCC264
I7419,HCC264
I742,HCC264
I743,HCC264
I744,HCC264
I745,HCC264
I748,HCC264
I749,HCC264
I75011,HCC264
I75012,HCC264
I75013,HCC264
I75019,HCC264
I75021,HCC264
I75022,HCC264
I75023,HCC264
I75029,HCC264
I7581,HCC264
I7589,HCC264
I76,HCC264
I7782,HCC93
I8010,HCC267
I8011,HCC267
I8012,HCC267
I8013,HCC267
I80201,HCC267
I80202,HCC267
I80203,HCC267
I80209,HCC267
I80211,HCC267
I80212,HCC267
I80213,HCC267
I80219,HCC267
I80221,HCC267
I80222,HCC267
I80223,HCC267
I80229,HCC267
I80231,HCC267
I80232,HCC267
I80233,HCC267
I80239,HCC267
I80241,HCC267
I80242,HCC267
I80243,HCC267
I80249,HCC267
I80251,HCC267
I80252,HCC267
I80253,HCC267
I80259,HCC267
I80291,HCC267
I80292,HCC267
I80293,HCC267
I80299,HCC267
I820,HCC267
I82210,HCC267
I82211,HCC267
I82220,HCC267
I82221,HCC267
I82290,HCC267
I82291,HCC267
I823,HCC267
I82401,HCC267
I82402,HCC267
I82403,HCC267
I82409,HCC267
I82411,HCC267
I82412,HCC267
I82413,HCC267
I82419,HCC267
I82421,HCC267
I82422,HCC267
I82423,HCC267
I82429,HCC267
I82431,HCC267
I82432,HCC267
I82433,HCC267
I82439,HCC267
I82441,HCC267
I82442,HCC267
I82443,HCC267
I82449,HCC267
I82451,HCC267
I82452,HCC267
I82453,HCC267
I82459,HCC267
I82461,HCC267
I82462,HCC267
I82463,HCC267
I82469,HCC267
I82491,HCC267
I82492,HCC267
I82493,HCC267
I82499,HCC267
I824Y1,HCC267
I824Y2,HCC267
I824Y3,HCC267
I824Y9,HCC267
I824Z1,HCC267
I824Z2,HCC267
I824Z3,HCC267
I824Z9,HCC267
I82501,HCC267
I82502,HCC267
I82503,HCC267
I82509,HCC267
I82511,HCC267
I82512,HCC267
I82513,HCC267
I82519,HCC267
I82521,HCC267
I82522,HCC267
I82523,HCC267
I82529,HCC267
I82531,HCC267
I82532,HCC267
I82533,HCC267
I82539,HCC267
I82541,HCC267
I82542,HCC267
I82543,HCC267
I82549,HCC267
I82551,HCC267
I82552,HCC267
I82553,HCC267
I82559,HCC267
I82561,HCC267
I82562,HCC267
I82563,HCC267
I82569,HCC267
I82591,HCC267
I82592,HCC267
I82593,HCC267
I82599,HCC267
I825Y1,HCC267
I825Y2,HCC267
I825Y3,HCC267
I825Y9,HCC267
I825Z1,HCC267
I825Z2,HCC267
I825Z3,HCC267
I825Z9,HCC267
I82621,HCC267
I82622,HCC267
I82623,HCC267
I82629,HCC267
I82721,HCC267
I82722,HCC267
I82723,HCC267
I82729,HCC267
I82A11,HCC267
I82A12,HCC267
I82A13,HCC267
I82A19,HCC267
I82A21,HCC267
I82A22,HCC267
I82A23,HCC267
I82A29,HCC267
I82B11,HCC267
I82B12,HCC267
I82B13,HCC267
I82B19,HCC267
I82B21,HCC267
I82B22,HCC267
I82B23,HCC267
I82B29,HCC267
I82C11,HCC267
I82C12,HCC267
I82C13,HCC267
I82C19,HCC267
I82C21,HCC267
I82C22,HCC267
I82C23,HCC267
I82C29,HCC267
I83001,HCC383
I83002,HCC383
I83003,HCC383
I83004,HCC383
I83005,HCC383
I83008,HCC383
I83009,HCC383
I83011,HCC383
I83012,HCC383
I83013,HCC383
I83014,HCC383
I83015,HCC383
I83018,HCC383
I83019,HCC383
I83021,HCC383
I83022,HCC383
I83023,HCC383
I83024,HCC383
I83025,HCC383
I83028,HCC383
I83029,HCC383
I83201,HCC383
I83202,HCC383
I83203,HCC383
I83204,HCC383
I83205,HCC383
I83208,HCC383
I83209,HCC383
I83211,HCC383
I83212,HCC383
I83213,HCC383
I83214,HCC383
I83215,HCC383
I83218,HCC383
I83219,HCC383
I83221,HCC383
I83222,HCC383
I83223,HCC383
I83224,HCC383
I83225,HCC383
I83228,HCC383
I83229,HCC383
I8500,HCC63
I8501,HCC63
I8510,HCC63
I8511,HCC63
I87011,HCC383
I87012,HCC383
I87013,HCC383
I87019,HCC383
I87031,HCC383
I87032,HCC383
I87033,HCC383
I87039,HCC383
I87311,HCC383
I87312,HCC383
I87313,HCC383
I87319,HCC383
I87331,HCC383
I87332,HCC383
I87333,HCC383
I87339,HCC383
I96,HCC263
J150,HCC282
J151,HCC282
J1520,HCC282
J15211,HCC282
J15212,HCC282
J1529,HCC282
J155,HCC282
J1561,HCC282
J1569,HCC282
J158,HCC282
J410,HCC280
J411,HCC280
J418,HCC280
J42,HCC280
J430,HCC280
J431,HCC280
J432,HCC280
J438,HCC280
J439,HCC280
J440,HCC280
J441,HCC280
J4481,HCC280
J4489,HCC280
J449,HCC280
J4550,HCC279
J4551,HCC279
J4552,HCC279
J470,HCC280
J471,HCC280
J479,HCC280
J4A0,HCC276
J4A8,HCC276
J4A9,HCC276
J60,HCC280
J61,HCC280
J620,HCC280
J628,HCC280
J630,HCC280
J631,HCC280
J632,HCC280
J633,HCC280
J634,HCC280
J635,HCC280
J636,HCC280
J64,HCC280
J65,HCC280
J660,HCC280
J661,HCC280
J662,HCC280
J668,HCC280
J670,HCC280
J671,HCC280
J672,HCC280
J673,HCC280
J674,HCC280
J675,HCC280
J676,HCC280
J677,HCC280
J678,HCC280
J679,HCC280
J680,HCC280
J681,HCC280
J682,HCC280
J683,HCC280
J684,HCC280
J688,HCC280
J689,HCC280
J690,HCC282
J691,HCC282
J698,HCC282
J80,HCC213
J810,HCC213
J8281,HCC280
J8401,HCC280
J8402,HCC280
J8403,HCC280
J8409,HCC280
J8410,HCC280
J84111,HCC280
J84112,HCC278
J84113,HCC280
J84114,HCC280
J84115,HCC280
J84116,HCC280
J84117,HCC280
J84170,HCC278
J84178,HCC280
J842,HCC280
J8481,HCC280
J8482,HCC280
J8489,HCC280
J849,HCC280
J850,HCC283
J851,HCC283
J852,HCC283
J853,HCC283
J860,HCC283
J869,HCC283
J910,HCC17
J9500,HCC211
J9501,HCC211
J9502,HCC211
J9503,HCC211
J9504,HCC211
J9509,HCC211
J95850,HCC211
J95851,HCC211
J95859,HCC211
J9600,HCC213
J9601,HCC213
J9602,HCC213
J9610,HCC213
J9611,HCC213
J9612,HCC213
J9620,HCC213
J9621,HCC213
J9622,HCC213
J9690,HCC213
J9691,HCC213
J9692,HCC213
J982,HCC280
J983,HCC280
J99,HCC280
K251,HCC78
K252,HCC78
K255,HCC78
K256,HCC78
K261,HCC78
K262,HCC78
K265,HCC78
K266,HCC78
K271,HCC78
K272,HCC78
K275,HCC78
K276,HCC78
K281,HCC78
K282,HCC78
K285,HCC78
K286,HCC78
K5000,HCC80
K50011,HCC80
K50012,HCC78
K50012,HCC80
K50013,HCC80
K50014,HCC80
K50018,HCC80
K50019,HCC80
K5010,HCC80
K50111,HCC80
K50112,HCC78
K50112,HCC80
K50113,HCC80
K50114,HCC80
K50118,HCC80
K50119,HCC80
K5080,HCC80
K50811,HCC80
K50812,HCC78
K50812,HCC80
K50813,HCC80
K50814,HCC80
K50818,HCC80
K50819,HCC80
K5090,HCC80
K50911,HCC80
K50912,HCC78
K50912,HCC80
K50913,HCC80
K50914,HCC80
K50918,HCC80
K50919,HCC80
K5100,HCC81
K51011,HCC81
K51012,HCC78
K51012,HCC81
K51013,HCC81
K51014,HCC81
K51018,HCC81
K51019,HCC81
K5120,HCC81
K51211,HCC81
K51212,HCC78
K51212,HCC81
K51213,HCC81
K51214,HCC81
K51218,HCC81
K51219,HCC81
K5130,HCC81
K51311,HCC81
K51312,HCC78
K51312,HCC81
K51313,HCC81
K51314,HCC81
K51318,HCC81
K51319,HCC81
K5140,HCC81
K51411,HCC81
K51412,HCC78
K51412,HCC81
K51413,HCC81
K51414,HCC81
K51418,HCC81
K51419,HCC81
K5150,HCC81
K51511,HCC81
K51512,HCC78
K51512,HCC81
K51513,HCC81
K51514,HCC81
K51518,HCC81
K51519,HCC81
K5180,HCC81
K51811,HCC81
K51812,HCC78
K51812,HCC81
K51813,HCC81
K51814,HCC81
K51818,HCC81
K51819,HCC81
K5190,HCC81
K51911,HCC81
K51912,HCC78
K51912,HCC81
K51913,HCC81
K51914,HCC81
K51918,HCC81
K51919,HCC81
K560,HCC78
K561,HCC78
K562,HCC78
K563,HCC78
K5641,HCC78
K5649,HCC78
K5650,HCC78
K5651,HCC78
K5652,HCC78
K56600,HCC78
K56601,HCC78
K56609,HCC78
K56690,HCC78
K56691,HCC78
K56699,HCC78
K567,HCC78
K5931,HCC78
K631,HCC78
K650,HCC78
K651,HCC78
K652,HCC78
K653,HCC78
K654,HCC78
K658,HCC78
K659,HCC78
K67,HCC78
K6812,HCC78
K6819,HCC78
K7010,HCC65
K7011,HCC65
K7030,HCC64
K7031,HCC64
K7040,HCC63
K7041,HCC63
K713,HCC65
K714,HCC65
K7150,HCC65
K7151,HCC65
K717,HCC64
K7210,HCC63
K7211,HCC63
K7290,HCC63
K7291,HCC63
K730,HCC65
K731,HCC65
K732,HCC65
K738,HCC65
K739,HCC65
K743,HCC68
K744,HCC64
K745,HCC68
K7460,HCC64
K7469,HCC64
K754,HCC65
K766,HCC63
K767,HCC63
K7681,HCC63
K7682,HCC63
K8301,HCC68
K8309,HCC68
K831,HCC68
K860,HCC79
K861,HCC79
K91850,HCC463
K91858,HCC463
K9400,HCC463
K9401,HCC463
K9402,HCC463
K9403,HCC463
K9409,HCC463
K9410,HCC463
K9411,HCC463
K9412,HCC463
K9413,HCC463
K9419,HCC463
K9420,HCC463
K9421,HCC463
K9422,HCC463
K9423,HCC463
K9429,HCC463
K9430,HCC463
K9431,HCC463
K9432,HCC463
K9433,HCC463
K9439,HCC463
L100,HCC387
L101,HCC387
L102,HCC387
L103,HCC387
L104,HCC387
L1081,HCC387
L1089,HCC387
L109,HCC387
L120,HCC387
L121,HCC387
L128,HCC387
L129,HCC387
L4050,HCC93
L4051,HCC93
L4052,HCC93
L4053,HCC93
L4054,HCC93
L4059,HCC93
L88,HCC387
L89000,HCC381
L89002,HCC382
L89003,HCC381
L89004,HCC379
L89010,HCC381
L89012,HCC382
L89013,HCC381
L89014,HCC379
L89020,HCC381
L89022,HCC382
L89023,HCC381
L89024,HCC379
L89100,HCC381
L89102,HCC382
L89103,HCC381
L89104,HCC379
L89110,HCC381
L89112,HCC382
L89113,HCC381
L89114,HCC379
L89120,HCC381
L89122,HCC382
L89123,HCC381
L89124,HCC379
L89130,HCC381
L89132,HCC382
L89133,HCC381
L89134,HCC379
L89140,HCC381
L89142,HCC382
L89143,HCC381
L89144,HCC379
L89150,HCC381
L89152,HCC382
L89153,HCC381
L89154,HCC379
L89200,HCC381
L89202,HCC382
L89203,HCC381
L89204,HCC379
L89210,HCC381
L89212,HCC382
L89213,HCC381
L89214,HCC379
L89220,HCC381
L89222,HCC382
L89223,HCC381
L89224,HCC379
L89300,HCC381
L89302,HCC382
L89303,HCC381
L89304,HCC379
L89310,HCC381
L89312,HCC382
L89313,HCC381
L89314,HCC379
L89320,HCC381
L89322,HCC382
L89323,HCC381
L89324,HCC379
L8942,HCC382
L8943,HCC381
L8944,HCC379
L8945,HCC381
L89500,HCC381
L89502,HCC382
L89503,HCC381
L89504,HCC379
L89510,HCC381
L89512,HCC382
L89513,HCC381
L89514,HCC379
L89520,HCC381
L89522,HCC382
L89523,HCC381
L89524,HCC379
L89600,HCC381
L89602,HCC382
L89603,HCC381
L89604,HCC379
L89610,HCC381
L89612,HCC382
L89613,HCC381
L89614,HCC379
L89620,HCC381
L89622,HCC382
L89623,HCC381
L89624,HCC379
L89810,HCC381
L89812,HCC382
L89813,HCC381
L89814,HCC379
L89890,HCC381
L89892,HCC382
L89893,HCC381
L89894,HCC379
L8992,HCC382
L8993,HCC381
L8994,HCC379
L8995,HCC381
L97101,HCC383
L97102,HCC383
L97103,HCC380
L97104,HCC380
L97105,HCC380
L97106,HCC380
L97108,HCC383
L97109,HCC383
L97111,HCC383
L97112,HCC383
L97113,HCC380
L97114,HCC380
L97115,HCC380
L97116,HCC380
L97118,HCC383
L97119,HCC383
L97121,HCC383
L97122,HCC383
L97123,HCC380
L97124,HCC380
L97125,HCC380
L97126,HCC380
L97128,HCC383
L97129,HCC383
L97201,HCC383
L97202,HCC383
L97203,HCC380
L97204,HCC380
L97205,HCC380
L97206,HCC380
L97208,HCC383
L97209,HCC383
L97211,HCC383
L97212,HCC383
L97213,HCC380
L97214,HCC380
L97215,HCC380
L97216,HCC380
L97218,HCC383
L97219,HCC383
L97221,HCC383
L97222,HCC383
L97223,HCC380
L97224,HCC380
L97225,HCC380
L97226,HCC380
L97228,HCC383
L97229,HCC383
L97301,HCC383
L97302,HCC383
L97303,HCC380
L97304,HCC380
L97305,HCC380
L97306,HCC380
L97308,HCC383
L97309,HCC383
L97311,HCC383
L97312,HCC383
L97313,HCC380
L97314,HCC380
L97315,HCC380
L97316,HCC380
L97318,HCC383
L97319,HCC383
L97321,HCC383
L97322,HCC383
L97323,HCC380
L97324,HCC380
L97325,HCC380
L97326,HCC380
L97328,HCC383
L97329,HCC383
L97401,HCC383
L97402,HCC383
L97403,HCC380
L97404,HCC380
L97405,HCC380
L97406,HCC380
L97408,HCC383
L97409,HCC383
L97411,HCC383
L97412,HCC383
L97413,HCC380
L97414,HCC380
L97415,HCC380
L97416,HCC380
L97418,HCC383
L97419,HCC383
L97421,HCC383
L97422,HCC383
L97423,HCC380
L97424,HCC380
L97425,HCC380
L97426,HCC380
L97428,HCC383
L97429,HCC383
L97501,HCC383
L97502,HCC383
L97503,HCC380
L97504,HCC380
L97505,HCC380
L97506,HCC380
L97508,HCC383
L97509,HCC383
L97511,HCC383
L97512,HCC383
L97513,HCC380
L97514,HCC380
L97515,HCC380
L97516,HCC380
L97518,HCC383
L97519,HCC383
L97521,HCC383
L97522,HCC383
L97523,HCC380
L97524,HCC380
L97525,HCC380
L97526,HCC380
L97528,HCC383
L97529,HCC383
L97801,HCC383
L97802,HCC383
L97803,HCC380
L97804,HCC380
L97805,HCC380
L97806,HCC380
L97808,HCC383
L97809,HCC383
L97811,HCC383
L97812,HCC383
L97813,HCC380
L97814,HCC380
L97815,HCC380
L97816,HCC380
L97818,HCC383
L97819,HCC383
L97821,HCC383
L97822,HCC383
L97823,HCC380
L97824,HCC380
L97825,HCC380
L97826,HCC380
L97828,HCC383
L97829,HCC383
L97901,HCC383
L97902,HCC383
L97903,HCC380
L97904,HCC380
L97905,HCC380
L97906,HCC380
L97908,HCC383
L97909,HCC383
L97911,HCC383
L97912,HCC383
L97913,HCC380
L97914,HCC380
L97915,HCC380
L97916,HCC380
L97918,HCC383
L97919,HCC383
L97921,HCC383
L97922,HCC383
L97923,HCC380
L97924,HCC380
L97925,HCC380
L97926,HCC380
L97928,HCC383
L97929,HCC383
L98411,HCC383
L98412,HCC383
L98413,HCC380
L98414,HCC380
L98415,HCC380
L98416,HCC380
L98418,HCC383
L98419,HCC383
L98421,HCC383
L98422,HCC383
L98423,HCC380
L98424,HCC380
L98425,HCC380
L98426,HCC380
L98428,HCC383
L98429,HCC383
L98431,HCC383
L98432,HCC383
L98433,HCC380
L98434,HCC380
L98435,HCC380
L98436,HCC380
L98438,HCC383
L98439,HCC383
L98441,HCC383
L98442,HCC383
L98443,HCC380
L98444,HCC380
L98445,HCC380
L98446,HCC380
L98448,HCC383
L98449,HCC383
L98451,HCC383
L98452,HCC383
L98453,HCC380
L98454,HCC380
L98455,HCC380
L98456,HCC380
L98458,HCC383
L98459,HCC383
L98461,HCC383
L98462,HCC383
L98463,HCC380
L98464,HCC380
L98465,HCC380
L98466,HCC380
L98468,HCC383
L98469,HCC383
L98471,HCC383
L98472,HCC383
L98473,HCC380
L98474,HCC380
L98475,HCC380
L98476,HCC380
L98478,HCC383
L98479,HCC383
L98491,HCC383
L98492,HCC383
L98493,HCC380
L98494,HCC380
L98495,HCC380
L98496,HCC380
L98498,HCC383
L98499,HCC383
L98A111,HCC383
L98A112,HCC383
L98A113,HCC380
L98A114,HCC380
L98A115,HCC380
L98A116,HCC380
L98A118,HCC383
L98A119,HCC383
L98A121,HCC383
L98A122,HCC383
L98A123,HCC380
L98A124,HCC380
L98A125,HCC380
L98A126,HCC380
L98A128,HCC383
L98A129,HCC383
L98A191,HCC383
L98A192,HCC383
L98A193,HCC380
L98A194,HCC380
L98A195,HCC380
L98A196,HCC380
L98A198,HCC383
L98A199,HCC383
L98A211,HCC383
L98A212,HCC383
L98A213,HCC380
L98A214,HCC380
L98A215,HCC380
L98A216,HCC380
L98A218,HCC383
L98A219,HCC383
L98A221,HCC383
L98A222,HCC383
L98A223,HCC380
L98A224,HCC380
L98A225,HCC380
L98A226,HCC380
L98A228,HCC383
L98A229,HCC383
L98A291,HCC383
L98A292,HCC383
L98A293,HCC380
L98A294,HCC380
L98A295,HCC380
L98A296,HCC380
L98A298,HCC383
L98A299,HCC383
L98A311,HCC383
L98A312,HCC383
L98A313,HCC380
L98A314,HCC380
L98A315,HCC380
L98A316,HCC380
L98A318,HCC383
L98A319,HCC383
L98A321,HCC383
L98A322,HCC383
L98A323,HCC380
L98A324,HCC380
L98A325,HCC380
L98A326,HCC380
L98A328,HCC383
L98A329,HCC383
L98A391,HCC383
L98A392,HCC383
L98A393,HCC380
L98A394,HCC380
L98A395,HCC380
L98A396,HCC380
L98A398,HCC383
L98A399,HCC383
M0000,HCC92
M00011,HCC92
M00012,HCC92
M00019,HCC92
M00021,HCC92
M00022,HCC92
M00029,HCC92
M00031,HCC92
M00032,HCC92
M00039,HCC92
M00041,HCC92
M00042,HCC92
M00049,HCC92
M00051,HCC92
M00052,HCC92
M00059,HCC92
M00061,HCC92
M00062,HCC92
M00069,HCC92
M00071,HCC92
M00072,HCC92
M00079,HCC92
M0008,HCC92
M0009,HCC92
M0010,HCC92
M00111,HCC92
M00112,HCC92
M00119,HCC92
M00121,HCC92
M00122,HCC92
M00129,HCC92
M00131,HCC92
M00132,HCC92
M00139,HCC92
M00141,HCC92
M00142,HCC92
M00149,HCC92
M00151,HCC92
M00152,HCC92
M00159,HCC92
M00161,HCC92
M00162,HCC92
M00169,HCC92
M00171,HCC92
M00172,HCC92
M00179,HCC92
M0018,HCC92
M0019,HCC92
M0020,HCC92
M00211,HCC92
M00212,HCC92
M00219,HCC92
M00221,HCC92
M00222,HCC92
M00229,HCC92
M00231,HCC92
M00232,HCC92
M00239,HCC92
M00241,HCC92
M00242,HCC92
M00249,HCC92
M00251,HCC92
M00252,HCC92
M00259,HCC92
M00261,HCC92
M00262,HCC92
M00269,HCC92
M00271,HCC92
M00272,HCC92
M00279,HCC92
M0028,HCC92
M0029,HCC92
M0080,HCC92
M00811,HCC92
M00812,HCC92
M00819,HCC92
M00821,HCC92
M00822,HCC92
M00829,HCC92
M00831,HCC92
M00832,HCC92
M00839,HCC92
M00841,HCC92
M00842,HCC92
M00849,HCC92
M00851,HCC92
M00852,HCC92
M00859,HCC92
M00861,HCC92
M00862,HCC92
M00869,HCC92
M00871,HCC92
M00872,HCC92
M00879,HCC92
M0088,HCC92
M0089,HCC92
M009,HCC92
M01X0,HCC92
M01X11,HCC92
M01X12,HCC92
M01X19,HCC92
M01X21,HCC92
M01X22,HCC92
M01X29,HCC92
M01X31,HCC92
M01X32,HCC92
M01X39,HCC92
M01X41,HCC92
M01X42,HCC92
M01X49,HCC92
M01X51,HCC92
M01X52,HCC92
M01X59,HCC92
M01X61,HCC92
M01X62,HCC92
M01X69,HCC92
M01X71,HCC92
M01X72,HCC92
M01X79,HCC92
M01X8,HCC92
M01X9,HCC92
M0210,HCC92
M02111,HCC92
M02112,HCC92
M02119,HCC92
M02121,HCC92
M02122,HCC92
M02129,HCC92
M02131,HCC92
M02132,HCC92
M02139,HCC92
M02141,HCC92
M02142,HCC92
M02149,HCC92
M02151,HCC92
M02152,HCC92
M02159,HCC92
M02161,HCC92
M02162,HCC92
M02169,HCC92
M02171,HCC92
M02172,HCC92
M02179,HCC92
M0218,HCC92
M0219,HCC92
M0230,HCC94
M02311,HCC94
M02312,HCC94
M02319,HCC94
M02321,HCC94
M02322,HCC94
M02329,HCC94
M02331,HCC94
M02332,HCC94
M02339,HCC94
M02341,HCC94
M02342,HCC94
M02349,HCC94
M02351,HCC94
M02352,HCC94
M02359,HCC94
M02361,HCC94
M02362,HCC94
M02369,HCC94
M02371,HCC94
M02372,HCC94
M02379,HCC94
M0238,HCC94
M0239,HCC94
M0280,HCC92
M02811,HCC92
M02812,HCC92
M02819,HCC92
M02821,HCC92
M02822,HCC92
M02829,HCC92
M02831,HCC92
M02832,HCC92
M02839,HCC92
M02841,HCC92
M02842,HCC92
M02849,HCC92
M02851,HCC92
M02852,HCC92
M02859,HCC92
M02861,HCC92
M02862,HCC92
M02869,HCC92
M02871,HCC92
M02872,HCC92
M02879,HCC92
M0288,HCC92
M0289,HCC92
M029,HCC92
M041,HCC94
M042,HCC94
M048,HCC94
M049,HCC94
M0500,HCC93
M05011,HCC93
M05012,HCC93
M05019,HCC93
M05021,HCC93
M05022,HCC93
M05029,HCC93
M05031,HCC93
M05032,HCC93
M05039,HCC93
M05041,HCC93
M05042,HCC93
M05049,HCC93
M05051,HCC93
M05052,HCC93
M05059,HCC93
M05061,HCC93
M05062,HCC93
M05069,HCC93
M05071,HCC93
M05072,HCC93
M05079,HCC93
M0509,HCC93
M0510,HCC93
M05111,HCC93
M05112,HCC93
M05119,HCC93
M05121,HCC93
M05122,HCC93
M05129,HCC93
M05131,HCC93
M05132,HCC93
M05139,HCC93
M05141,HCC93
M05142,HCC93
M05149,HCC93
M05151,HCC93
M05152,HCC93
M05159,HCC93
M05161,HCC93
M05162,HCC93
M05169,HCC93
M05171,HCC93
M05172,HCC93
M05179,HCC93
M0519,HCC93
M0520,HCC93
M05211,HCC93
M05212,HCC93
M05219,HCC93
M05221,HCC93
M05222,HCC93
M05229,HCC93
M05231,HCC93
M05232,HCC93
M05239,HCC93
M05241,HCC93
M05242,HCC93
M05249,HCC93
M05251,HCC93
M05252,HCC93
M05259,HCC93
M05261,HCC93
M05262,HCC93
M05269,HCC93
M05271,HCC93
M05272,HCC93
M05279,HCC93
M0529,HCC93
M0530,HCC93
M05311,HCC93
M05312,HCC93
M05319,HCC93
M05321,HCC93
M05322,HCC93
M05329,HCC93
M05331,HCC93
M05332,HCC93
M05339,HCC93
M05341,HCC93
M05342,HCC93
M05349,HCC93
M05351,HCC93
M05352,HCC93
M05359,HCC93
M05361,HCC93
M05362,HCC93
M05369,HCC93
M05371,HCC93
M05372,HCC93
M05379,HCC93
M0539,HCC93
M0540,HCC93
M05411,HCC93
M05412,HCC93
M05419,HCC93
M05421,HCC93
M05422,HCC93
M05429,HCC93
M05431,HCC93
M05432,HCC93
M05439,HCC93
M05441,HCC93
M05442,HCC93
M05449,HCC93
M05451,HCC93
M05452,HCC93
M05459,HCC93
M05461,HCC93
M05462,HCC93
M05469,HCC93
M05471,HCC93
M05472,HCC93
M05479,HCC93
M0549,HCC93
M0550,HCC93
M05511,HCC93
M05512,HCC93
M05519,HCC93
M05521,HCC93
M05522,HCC93
M05529,HCC93
M05531,HCC93
M05532,HCC93
M05539,HCC93
M05541,HCC93
M05542,HCC93
M05549,HCC93
M05551,HCC93
M05552,HCC93
M05559,HCC93
M05561,HCC93
M05562,HCC93
M05569,HCC93
M05571,HCC93
M05572,HCC93
M05579,HCC93
M0559,HCC93
M0560,HCC93
M05611,HCC93
M05612,HCC93
M05619,HCC93
M05621,HCC93
M05622,HCC93
M05629,HCC93
M05631,HCC93
M05632,HCC93
M05639,HCC93
M05641,HCC93
M05642,HCC93
M05649,HCC93
M05651,HCC93
M05652,HCC93
M05659,HCC93
M05661,HCC93
M05662,HCC93
M05669,HCC93
M05671,HCC93
M05672,HCC93
M05679,HCC93
M0569,HCC93
M0570,HCC93
M05711,HCC93
M05712,HCC93
M05719,HCC93
M05721,HCC93
M05722,HCC93
M05729,HCC93
M05731,HCC93
M05732,HCC93
M05739,HCC93
M05741,HCC93
M05742,HCC93
M05749,HCC93
M05751,HCC93
M05752,HCC93
M05759,HCC93
M05761,HCC93
M05762,HCC93
M05769,HCC93
M05771,HCC93
M05772,HCC93
M05779,HCC93
M0579,HCC93
M057A,HCC93
M0580,HCC93
M05811,HCC93
M05812,HCC93
M05819,HCC93
M05821,HCC93
M05822,HCC93
M05829,HCC93
M05831,HCC93
M05832,HCC93
M05839,HCC93
M05841,HCC93
M05842,HCC93
M05849,HCC93
M05851,HCC93
M05852,HCC93
M05859,HCC93
M05861,HCC93
M05862,HCC93
M05869,HCC93
M05871,HCC93
M05872,HCC93
M05879,HCC93
M0589,HCC93
M058A,HCC93
M059,HCC93
M05A,HCC93
M0600,HCC93
M06011,HCC93
M06012,HCC93
M06019,HCC93
M06021,HCC93
M06022,HCC93
M06029,HCC93
M06031,HCC93
M06032,HCC93
M06039,HCC93
M06041,HCC93
M06042,HCC93
M06049,HCC93
M06051,HCC93
M06052,HCC93
M06059,HCC93
M06061,HCC93
M06062,HCC93
M06069,HCC93
M06071,HCC93
M06072,HCC93
M06079,HCC93
M0608,HCC93
M0609,HCC93
M060A,HCC93
M061,HCC93
M0620,HCC93
M06211,HCC93
M06212,HCC93
M06219,HCC93
M06221,HCC93
M06222,HCC93
M06229,HCC93
M06231,HCC93
M06232,HCC93
M06239,HCC93
M06241,HCC93
M06242,HCC93
M06249,HCC93
M06251,HCC93
M06252,HCC93
M06259,HCC93
M06261,HCC93
M06262,HCC93
M06269,HCC93
M06271,HCC93
M06272,HCC93
M06279,HCC93
M0628,HCC93
M0629,HCC93
M0630,HCC93
M06311,HCC93
M06312,HCC93
M06319,HCC93
M06321,HCC93
M06322,HCC93
M06329,HCC93
M06331,HCC93
M06332,HCC93
M06339,HCC93
M06341,HCC93
M06342,HCC93
M06349,HCC93
M06351,HCC93
M06352,HCC93
M06359,HCC93
M06361,HCC93
M06362,HCC93
M06369,HCC93
M06371,HCC93
M06372,HCC93
M06379,HCC93
M0638,HCC93
M0639,HCC93
M064,HCC94
M0680,HCC93
M06811,HCC93
M06812,HCC93
M06819,HCC93
M06821,HCC93
M06822,HCC93
M06829,HCC93
M06831,HCC93
M06832,HCC93
M06839,HCC93
M06841,HCC93
M06842,HCC93
M06849,HCC93
M06851,HCC93
M06852,HCC93
M06859,HCC93
M06861,HCC93
M06862,HCC93
M06869,HCC93
M06871,HCC93
M06872,HCC93
M06879,HCC93
M0688,HCC93
M0689,HCC93
M068A,HCC93
M069,HCC93
M0800,HCC93
M08011,HCC93
M08012,HCC93
M08019,HCC93
M08021,HCC93
M08022,HCC93
M08029,HCC93
M08031,HCC93
M08032,HCC93
M08039,HCC93
M08041,HCC93
M08042,HCC93
M08049,HCC93
M08051,HCC93
M08052,HCC93
M08059,HCC93
M08061,HCC93
M08062,HCC93
M08069,HCC93
M08071,HCC93
M08072,HCC93
M08079,HCC93
M0808,HCC93
M0809,HCC93
M080A,HCC93
M081,HCC93
M0820,HCC93
M08211,HCC93
M08212,HCC93
M08219,HCC93
M08221,HCC93
M08222,HCC93
M08229,HCC93
M08231,HCC93
M08232,HCC93
M08239,HCC93
M08241,HCC93
M08242,HCC93
M08249,HCC93
M08251,HCC93
M08252,HCC93
M08259,HCC93
M08261,HCC93
M08262,HCC93
M08269,HCC93
M08271,HCC93
M08272,HCC93
M08279,HCC93
M0828,HCC93
M0829,HCC93
M082A,HCC93
M083,HCC93
M0840,HCC93
M08411,HCC93
M08412,HCC93
M08419,HCC93
M08421,HCC93
M08422,HCC93
M08429,HCC93
M08431,HCC93
M08432,HCC93
M08439,HCC93
M08441,HCC93
M08442,HCC93
M08449,HCC93
M08451,HCC93
M08452,HCC93
M08459,HCC93
M08461,HCC93
M08462,HCC93
M08469,HCC93
M08471,HCC93
M08472,HCC93
M08479,HCC93
M0848,HCC93
M084A,HCC93
M0880,HCC93
M08811,HCC93
M08812,HCC93
M08819,HCC93
M08821,HCC93
M08822,HCC93
M08829,HCC93
M08831,HCC93
M08832,HCC93
M08839,HCC93
M08841,HCC93
M08842,HCC93
M08849,HCC93
M08851,HCC93
M08852,HCC93
M08859,HCC93
M08861,HCC93
M08862,HCC93
M08869,HCC93
M08871,HCC93
M08872,HCC93
M08879,HCC93
M0888,HCC93
M0889,HCC93
M0890,HCC93
M08911,HCC93
M08912,HCC93
M08919,HCC93
M08921,HCC93
M08922,HCC93
M08929,HCC93
M08931,HCC93
M08932,HCC93
M08939,HCC93
M08941,HCC93
M08942,HCC93
M08949,HCC93
M08951,HCC93
M08952,HCC93
M08959,HCC93
M08961,HCC93
M08962,HCC93
M08969,HCC93
M08971,HCC93
M08972,HCC93
M08979,HCC93
M0898,HCC93
M0899,HCC93
M089A,HCC93
M1200,HCC94
M12011,HCC94
M12012,HCC94
M12019,HCC94
M12021,HCC94
M12022,HCC94
M12029,HCC94
M12031,HCC94
M12032,HCC94
M12039,HCC94
M12041,HCC94
M12042,HCC94
M12049,HCC94
M12051,HCC94
M12052,HCC94
M12059,HCC94
M12061,HCC94
M12062,HCC94
M12069,HCC94
M12071,HCC94
M12072,HCC94
M12079,HCC94
M1208,HCC94
M1209,HCC94
M300,HCC94
M301,HCC278
M302,HCC94
M303,HCC93
M308,HCC94
M310,HCC93
M3110,HCC112
M3111,HCC454
M3119,HCC112
M312,HCC93
M3130,HCC93
M3131,HCC93
M314,HCC93
M315,HCC94
M316,HCC94
M317,HCC94
M318,HCC94
M319,HCC94
M3210,HCC94
M3211,HCC94
M3212,HCC94
M3213,HCC280
M3213,HCC94
M3214,HCC94
M3215,HCC94
M3219,HCC94
M328,HCC94
M329,HCC94
M3300,HCC93
M3301,HCC280
M3301,HCC93
M3302,HCC93
M3303,HCC93
M3309,HCC93
M3310,HCC93
M3311,HCC280
M3311,HCC93
M3312,HCC93
M3313,HCC93
M3319,HCC93
M3320,HCC93
M3321,HCC280
M3321,HCC93
M3322,HCC93
M3329,HCC93
M3390,HCC93
M3391,HCC280
M3391,HCC93
M3392,HCC93
M3393,HCC93
M3399,HCC93
M340,HCC93
M341,HCC93
M3481,HCC278
M3481,HCC93
M3482,HCC93
M3483,HCC93
M3489,HCC93
M349,HCC93
M3502,HCC280
M352,HCC94
M3581,HCC2
M360,HCC93
M450,HCC93
M451,HCC93
M452,HCC93
M453,HCC93
M454,HCC93
M455,HCC93
M456,HCC93
M457,HCC93
M458,HCC93
M459,HCC93
M45A0,HCC93
M45A1,HCC93
M45A2,HCC93
M45A3,HCC93
M45A4,HCC93
M45A5,HCC93
M45A6,HCC93
M45A7,HCC93
M45A8,HCC93
M45AB,HCC93
M4620,HCC92
M4621,HCC92
M4622,HCC92
M4623,HCC92
M4624,HCC92
M4625,HCC92
M4626,HCC92
M4627,HCC92
M4628,HCC92
M4630,HCC92
M4631,HCC92
M4632,HCC92
M4633,HCC92
M4634,HCC92
M4635,HCC92
M4636,HCC92
M4637,HCC92
M4638,HCC92
M4639,HCC92
M4850XA,HCC401
M4851XA,HCC401
M4852XA,HCC401
M4853XA,HCC401
M4854XA,HCC401
M4855XA,HCC401
M4856XA,HCC401
M4857XA,HCC401
M4858XA,HCC401
M488X1,HCC93
M488X2,HCC93
M488X3,HCC93
M488X4,HCC93
M488X5,HCC93
M488X6,HCC93
M488X7,HCC93
M488X8,HCC93
M488X9,HCC93
M726,HCC92
M80051A,HCC402
M80052A,HCC402
M80059A,HCC402
M8008XA,HCC401
M80851A,HCC402
M80852A,HCC402
M80859A,HCC402
M8088XA,HCC401
M84451A,HCC402
M84452A,HCC402
M84453A,HCC402
M84459A,HCC402
M84551A,HCC402
M84552A,HCC402
M84553A,HCC402
M84559A,HCC402
M84651A,HCC402
M84652A,HCC402
M84653A,HCC402
M84659A,HCC402
M84754A,HCC402
M84755A,HCC402
M84756A,HCC402
M84757A,HCC402
M84758A,HCC402
M84759A,HCC402
M8600,HCC92
M86011,HCC92
M86012,HCC92
M86019,HCC92
M86021,HCC92
M86022,HCC92
M86029,HCC92
M86031,HCC92
M86032,HCC92
M86039,HCC92
M86041,HCC92
M86042,HCC92
M86049,HCC92
M86051,HCC92
M86052,HCC92
M86059,HCC92
M86061,HCC92
M86062,HCC92
M86069,HCC92
M86071,HCC92
M86072,HCC92
M86079,HCC92
M8608,HCC92
M8609,HCC92
M8610,HCC92
M86111,HCC92
M86112,HCC92
M86119,HCC92
M86121,HCC92
M86122,HCC92
M86129,HCC92
M86131,HCC92
M86132,HCC92
M86139,HCC92
M86141,HCC92
M86142,HCC92
M86149,HCC92
M86151,HCC92
M86152,HCC92
M86159,HCC92
M86161,HCC92
M86162,HCC92
M86169,HCC92
M86171,HCC92
M86172,HCC92
M86179,HCC92
M8618,HCC92
M8619,HCC92
M8620,HCC92
M86211,HCC92
M86212,HCC92
M86219,HCC92
M86221,HCC92
M86222,HCC92
M86229,HCC92
M86231,HCC92
M86232,HCC92
M86239,HCC92
M86241,HCC92
M86242,HCC92
M86249,HCC92
M86251,HCC92
M86252,HCC92
M86259,HCC92
M86261,HCC92
M86262,HCC92
M86269,HCC92
M86271,HCC92
M86272,HCC92
M86279,HCC92
M8628,HCC92
M8629,HCC92
M8630,HCC92
M86311,HCC92
M86312,HCC92
M86319,HCC92
M86321,HCC92
M86322,HCC92
M86329,HCC92
M86331,HCC92
M86332,HCC92
M86339,HCC92
M86341,HCC92
M86342,HCC92
M86349,HCC92
M86351,HCC92
M86352,HCC92
M86359,HCC92
M86361,HCC92
M86362,HCC92
M86369,HCC92
M86371,HCC92
M86372,HCC92
M86379,HCC92
M8638,HCC92
M8639,HCC92
M8640,HCC92
M86411,HCC92
M86412,HCC92
M86419,HCC92
M86421,HCC92
M86422,HCC92
M86429,HCC92
M86431,HCC92
M86432,HCC92
M86439,HCC92
M86441,HCC92
M86442,HCC92
M86449,HCC92
M86451,HCC92
M86452,HCC92
M86459,HCC92
M86461,HCC92
M86462,HCC92
M86469,HCC92
M86471,HCC92
M86472,HCC92
M86479,HCC92
M8648,HCC92
M8649,HCC92
M8650,HCC92
M86511,HCC92
M86512,HCC92
M86519,HCC92
M86521,HCC92
M86522,HCC92
M86529,HCC92
M86531,HCC92
M86532,HCC92
M86539,HCC92
M86541,HCC92
M86542,HCC92
M86549,HCC92
M86551,HCC92
M86552,HCC92
M86559,HCC92
M86561,HCC92
M86562,HCC92
M86569,HCC92
M86571,HCC92
M86572,HCC92
M86579,HCC92
M8658,HCC92
M8659,HCC92
M8660,HCC92
M86611,HCC92
M86612,HCC92
M86619,HCC92
M86621,HCC92
M86622,HCC92
M86629,HCC92
M86631,HCC92
M86632,HCC92
M86639,HCC92
M86641,HCC92
M86642,HCC92
M86649,HCC92
M86651,HCC92
M86652,HCC92
M86659,HCC92
M86661,HCC92
M86662,HCC92
M86669,HCC92
M86671,HCC92
M86672,HCC92
M86679,HCC92
M8668,HCC92
M8669,HCC92
M868X0,HCC92
M868X1,HCC92
M868X2,HCC92
M868X3,HCC92
M868X4,HCC92
M868X5,HCC92
M868X6,HCC92
M868X7,HCC92
M868X8,HCC92
M868X9,HCC92
M869,HCC92
M8700,HCC92
M87011,HCC92
M87012,HCC92
M87019,HCC92
M87021,HCC92
M87022,HCC92
M87029,HCC92
M87031,HCC92
M87032,HCC92
M87033,HCC92
M87034,HCC92
M87035,HCC92
M87036,HCC92
M87037,HCC92
M87038,HCC92
M87039,HCC92
M87041,HCC92
M87042,HCC92
M87043,HCC92
M87044,HCC92
M87045,HCC92
M87046,HCC92
M87050,HCC92
M87051,HCC92
M87052,HCC92
M87059,HCC92
M87061,HCC92
M87062,HCC92
M87063,HCC92
M87064,HCC92
M87065,HCC92
M87066,HCC92
M87071,HCC92
M87072,HCC92
M87073,HCC92
M87074,HCC92
M87075,HCC92
M87076,HCC92
M87077,HCC92
M87078,HCC92
M87079,HCC92
M8708,HCC92
M8709,HCC92
M8720,HCC92
M87211,HCC92
M87212,HCC92
M87219,HCC92
M87221,HCC92
M87222,HCC92
M87229,HCC92
M87231,HCC92
M87232,HCC92
M87233,HCC92
M87234,HCC92
M87235,HCC92
M87236,HCC92
M87237,HCC92
M87238,HCC92
M87239,HCC92
M87241,HCC92
M87242,HCC92
M87243,HCC92
M87244,HCC92
M87245,HCC92
M87246,HCC92
M87250,HCC92
M87251,HCC92
M87252,HCC92
M87256,HCC92
M87261,HCC92
M87262,HCC92
M87263,HCC92
M87264,HCC92
M87265,HCC92
M87266,HCC92
M87271,HCC92
M87272,HCC92
M87273,HCC92
M87274,HCC92
M87275,HCC92
M87276,HCC92
M87277,HCC92
M87278,HCC92
M87279,HCC92
M8728,HCC92
M8729,HCC92
M8730,HCC92
M87311,HCC92
M87312,HCC92
M87319,HCC92
M87321,HCC92
M87322,HCC92
M87329,HCC92
M87331,HCC92
M87332,HCC92
M87333,HCC92
M87334,HCC92
M87335,HCC92
M87336,HCC92
M87337,HCC92
M87338,HCC92
M87339,HCC92
M87341,HCC92
M87342,HCC92
M87343,HCC92
M87344,HCC92
M87345,HCC92
M87346,HCC92
M87350,HCC92
M87351,HCC92
M87352,HCC92
M87353,HCC92
M87361,HCC92
M87362,HCC92
M87363,HCC92
M87364,HCC92
M87365,HCC92
M87366,HCC92
M87371,HCC92
M87372,HCC92
M87373,HCC92
M87374,HCC92
M87375,HCC92
M87376,HCC92
M87377,HCC92
M87378,HCC92
M87379,HCC92
M8738,HCC92
M8739,HCC92
M8780,HCC92
M87811,HCC92
M87812,HCC92
M87819,HCC92
M87821,HCC92
M87822,HCC92
M87829,HCC92
M87831,HCC92
M87832,HCC92
M87833,HCC92
M87834,HCC92
M87835,HCC92
M87836,HCC92
M87837,HCC92
M87838,HCC92
M87839,HCC92
M87841,HCC92
M87842,HCC92
M87843,HCC92
M87844,HCC92
M87845,HCC92
M87849,HCC92
M87850,HCC92
M87851,HCC92
M87852,HCC92
M87859,HCC92
M87861,HCC92
M87862,HCC92
M87863,HCC92
M87864,HCC92
M87865,HCC92
M87869,HCC92
M87871,HCC92
M87872,HCC92
M87873,HCC92
M87874,HCC92
M87875,HCC92
M87876,HCC92
M87877,HCC92
M87878,HCC92
M87879,HCC92
M8788,HCC92
M8789,HCC92
M879,HCC92
M8960,HCC92
M89611,HCC92
M89612,HCC92
M89619,HCC92
M89621,HCC92
M89622,HCC92
M89629,HCC92
M89631,HCC92
M89632,HCC92
M89639,HCC92
M89641,HCC92
M89642,HCC92
M89649,HCC92
M89651,HCC92
M89652,HCC92
M89659,HCC92
M89661,HCC92
M89662,HCC92
M89669,HCC92
M89671,HCC92
M89672,HCC92
M89679,HCC92
M8968,HCC92
M8969,HCC92
M9050,HCC92
M90511,HCC92
M90512,HCC92
M90519,HCC92
M90521,HCC92
M90522,HCC92
M90529,HCC92
M90531,HCC92
M90532,HCC92
M90539,HCC92
M90541,HCC92
M90542,HCC92
M90549,HCC92
M90551,HCC92
M90552,HCC92
M90559,HCC92
M90561,HCC92
M90562,HCC92
M90569,HCC92
M90571,HCC92
M90572,HCC92
M90579,HCC92
M9058,HCC92
M9059,HCC92
M9701XA,HCC402
M9702XA,HCC402
N1830,HCC329
N1831,HCC329
N1832,HCC328
N184,HCC327
N185,HCC326
N186,HCC326
N493,HCC92
N7682,HCC92
P0270,HCC2
P040,HCC137
P0411,HCC137
P0412,HCC137
P0413,HCC137
P0414,HCC137
P0415,HCC137
P0416,HCC137
P0417,HCC137
P0418,HCC137
P0419,HCC137
P041A,HCC137
P042,HCC137
P043,HCC137
P0440,HCC137
P0441,HCC137
P0442,HCC137
P0449,HCC137
P045,HCC137
P046,HCC137
P0481,HCC137
P0489,HCC137
P049,HCC137
P100,HCC248
P101,HCC248
P102,HCC248
P103,HCC248
P104,HCC248
P108,HCC248
P109,HCC248
P110,HCC248
P111,HCC248
P112,HCC248
P115,HCC182
P122,HCC399
P220,HCC213
P260,HCC213
P261,HCC213
P268,HCC213
P269,HCC213
P270,HCC213
P271,HCC213
P278,HCC213
P279,HCC213
P280,HCC213
P2810,HCC213
P2811,HCC213
P2819,HCC213
P285,HCC213
P2881,HCC212
P290,HCC225
P2981,HCC213
P360,HCC2
P3610,HCC2
P3619,HCC2
P362,HCC2
P3630,HCC2
P3639,HCC2
P364,HCC2
P365,HCC2
P368,HCC2
P369,HCC2
P520,HCC248
P521,HCC248
P5221,HCC248
P5222,HCC248
P523,HCC248
P524,HCC248
P525,HCC248
P526,HCC248
P528,HCC248
P529,HCC248
P550,HCC109
P551,HCC109
P558,HCC109
P559,HCC109
P560,HCC109
P5690,HCC109
P5699,HCC109
P570,HCC192
P578,HCC192
P579,HCC192
P771,HCC78
P772,HCC78
P773,HCC78
P779,HCC78
P780,HCC78
P90,HCC201
P910,HCC202
P911,HCC202
P912,HCC202
P913,HCC202
P914,HCC202
P915,HCC202
P9160,HCC202
P9161,HCC202
P9162,HCC202
P9163,HCC202
P91811,HCC202
P91819,HCC202
P91821,HCC249
P91822,HCC249
P91823,HCC249
P91829,HCC249
P9188,HCC202
P919,HCC202
P930,HCC137
P938,HCC137
P961,HCC137
P962,HCC137
Q000,HCC182
Q001,HCC182
Q002,HCC182
Q010,HCC182
Q011,HCC182
Q012,HCC182
Q018,HCC182
Q019,HCC182
Q02,HCC182
Q030,HCC182
Q031,HCC182
Q038,HCC182
Q039,HCC182
Q040,HCC182
Q041,HCC182
Q042,HCC182
Q043,HCC182
Q044,HCC182
Q045,HCC182
Q046,HCC182
Q048,HCC182
Q049,HCC182
Q050,HCC182
Q051,HCC182
Q052,HCC182
Q053,HCC182
Q054,HCC182
Q055,HCC182
Q056,HCC182
Q057,HCC182
Q058,HCC182
Q059,HCC182
Q060,HCC182
Q061,HCC182
Q062,HCC182
Q063,HCC182
Q064,HCC182
Q068,HCC182
Q069,HCC182
Q0700,HCC182
Q0701,HCC182
Q0702,HCC182
Q0703,HCC182
Q078,HCC182
Q079,HCC182
Q400,HCC78
Q410,HCC78
Q411,HCC78
Q412,HCC78
Q418,HCC78
Q419,HCC78
Q420,HCC78
Q421,HCC78
Q422,HCC78
Q423,HCC78
Q428,HCC78
Q429,HCC78
Q431,HCC78
Q432,HCC78
Q433,HCC78
Q442,HCC68
Q443,HCC68
Q4471,HCC68
Q8500,HCC23
Q8501,HCC23
Q8502,HCC23
Q8503,HCC23
Q8509,HCC23
Q851,HCC23
Q8581,HCC23
Q8582,HCC23
Q8583,HCC23
Q8589,HCC23
Q859,HCC23
R092,HCC212
R1116,HCC137
R180,HCC17
R4020,HCC202
R402110,HCC202
R402111,HCC202
R402112,HCC202
R402113,HCC202
R402114,HCC202
R402120,HCC202
R402121,HCC202
R402122,HCC202
R402123,HCC202
R402124,HCC202
R402210,HCC202
R402211,HCC202
R402212,HCC202
R402213,HCC202
R402214,HCC202
R402220,HCC202
R402221,HCC202
R402222,HCC202
R402223,HCC202
R402224,HCC202
R402310,HCC202
R402311,HCC202
R402312,HCC202
R402313,HCC202
R402314,HCC202
R402320,HCC202
R402321,HCC202
R402322,HCC202
R402323,HCC202
R402324,HCC202
R402430,HCC202
R402431,HCC202
R402432,HCC202
R402433,HCC202
R402434,HCC202
R402440,HCC202
R402441,HCC202
R402442,HCC202
R402443,HCC202
R402444,HCC202
R402A,HCC202
R403,HCC202
R4588,HCC155
R4588,HCC155
R532,HCC180
R5600,HCC201
R5601,HCC201
R561,HCC201
R569,HCC201
R570,HCC213
R571,HCC2
R578,HCC2
R579,HCC213
R6510,HCC2
R6511,HCC2
R6520,HCC2
R6521,HCC2
S020XXA,HCC399
S020XXB,HCC399
S02101A,HCC399
S02101B,HCC399
S02102A,HCC399
S02102B,HCC399
S02109A,HCC399
S02109B,HCC399
S02110A,HCC399
S02110B,HCC399
S02111A,HCC399
S02111B,HCC399
S02112A,HCC399
S02112B,HCC399
S02113A,HCC399
S02113B,HCC399
S02118A,HCC399
S02118B,HCC399
S02119A,HCC399
S02119B,HCC399
S0211AA,HCC399
S0211AB,HCC399
S0211BA,HCC399
S0211BB,HCC399
S0211CA,HCC399
S0211CB,HCC399
S0211DA,HCC399
S0211DB,HCC399
S0211EA,HCC399
S0211EB,HCC399
S0211FA,HCC399
S0211FB,HCC399
S0211GA,HCC399
S0211GB,HCC399
S0211HA,HCC399
S0211HB,HCC399
S02121A,HCC399
S02121B,HCC399
S02122A,HCC399
S02122B,HCC399
S02129A,HCC399
S02129B,HCC399
S0219XA,HCC399
S0219XB,HCC399
S0230XA,HCC399
S0230XB,HCC399
S0231XA,HCC399
S0231XB,HCC399
S0232XA,HCC399
S0232XB,HCC399
S02400A,HCC399
S02400B,HCC399
S02401A,HCC399
S02401B,HCC399
S02402A,HCC399
S02402B,HCC399
S0240AA,HCC399
S0240AB,HCC399
S0240BA,HCC399
S0240BB,HCC399
S0240CA,HCC399
S0240CB,HCC399
S0240DA,HCC399
S0240DB,HCC399
S0240EA,HCC399
S0240EB,HCC399
S0240FA,HCC399
S0240FB,HCC399
S02411A,HCC399
S02411B,HCC399
S02412A,HCC399
S02412B,HCC399
S02413A,HCC399
S02413B,HCC399
S0242XA,HCC399
S0242XB,HCC399
S02600A,HCC399
S02600B,HCC399
S02601A,HCC399
S02601B,HCC399
S02602A,HCC399
S02602B,HCC399
S02609A,HCC399
S02609B,HCC399
S02610A,HCC399
S02610B,HCC399
S02611A,HCC399
S02611B,HCC399
S02612A,HCC399
S02612B,HCC399
S02620A,HCC399
S02620B,HCC399
S02621A,HCC399
S02621B,HCC399
S02622A,HCC399
S02622B,HCC399
S02630A,HCC399
S02630B,HCC399
S02631A,HCC399
S02631B,HCC399
S02632A,HCC399
S02632B,HCC399
S02640A,HCC399
S02640B,HCC399
S02641A,HCC399
S02641B,HCC399
S02642A,HCC399
S02642B,HCC399
S02650A,HCC399
S02650B,HCC399
S02651A,HCC399
S02651B,HCC399
S02652A,HCC399
S02652B,HCC399
S0266XA,HCC399
S0266XB,HCC399
S02670A,HCC399
S02670B,HCC399
S02671A,HCC399
S02671B,HCC399
S02672A,HCC399
S02672B,HCC399
S0269XA,HCC399
S0269XB,HCC399
S0280XA,HCC399
S0280XB,HCC399
S0281XA,HCC399
S0281XB,HCC399
S0282XA,HCC399
S0282XB,HCC399
S02831A,HCC399
S02831B,HCC399
S02832A,HCC399
S02832B,HCC399
S02839A,HCC399
S02839B,HCC399
S02841A,HCC399
S02841B,HCC399
S02842A,HCC399
S02842B,HCC399
S02849A,HCC399
S02849B,HCC399
S0285XA,HCC399
S0285XB,HCC399
S0291XA,HCC399
S0291XB,HCC399
S0292XA,HCC399
S0292XB,HCC399
S061X0A,HCC399
S061X1A,HCC398
S061X2A,HCC398
S061X3A,HCC397
S061X4A,HCC397
S061X5A,HCC397
S061X6A,HCC397
S061X9A,HCC398
S061XAA,HCC399
S062X0A,HCC399
S062X1A,HCC398
S062X2A,HCC398
S062X3A,HCC397
S062X4A,HCC397
S062X5A,HCC397
S062X6A,HCC397
S062X9A,HCC398
S062XAA,HCC399
S06300A,HCC399
S06301A,HCC398
S06302A,HCC398
S06303A,HCC397
S06304A,HCC397
S06305A,HCC397
S06306A,HCC397
S06309A,HCC398
S0630AA,HCC399
S06310A,HCC399
S06311A,HCC398
S06312A,HCC398
S06313A,HCC397
S06314A,HCC397
S06315A,HCC397
S06316A,HCC397
S06319A,HCC398
S0631AA,HCC399
S06320A,HCC399
S06321A,HCC398
S06322A,HCC398
S06323A,HCC397
S06324A,HCC397
S06325A,HCC397
S06326A,HCC397
S06329A,HCC398
S0632AA,HCC399
S06330A,HCC399
S06331A,HCC398
S06332A,HCC398
S06333A,HCC397
S06334A,HCC397
S06335A,HCC397
S06336A,HCC397
S06339A,HCC398
S0633AA,HCC399
S06340A,HCC399
S06341A,HCC398
S06342A,HCC398
S06343A,HCC397
S06344A,HCC397
S06345A,HCC397
S06346A,HCC397
S06349A,HCC398
S0634AA,HCC399
S06350A,HCC399
S06351A,HCC398
S06352A,HCC398
S06353A,HCC397
S06354A,HCC397
S06355A,HCC397
S06356A,HCC397
S06359A,HCC398
S0635AA,HCC399
S06360A,HCC399
S06361A,HCC398
S06362A,HCC398
S06363A,HCC397
S06364A,HCC397
S06365A,HCC397
S06366A,HCC397
S06369A,HCC398
S0636AA,HCC399
S06370A,HCC399
S06371A,HCC398
S06372A,HCC398
S06373A,HCC397
S06374A,HCC397
S06375A,HCC397
S06376A,HCC397
S06379A,HCC398
S0637AA,HCC399
S06380A,HCC399
S06381A,HCC398
S06382A,HCC398
S06383A,HCC397
S06384A,HCC397
S06385A,HCC397
S06386A,HCC397
S06389A,HCC398
S0638AA,HCC399
S064X0A,HCC399
S064X1A,HCC398
S064X2A,HCC398
S064X3A,HCC397
S064X4A,HCC397
S064X5A,HCC397
S064X6A,HCC397
S064X9A,HCC398
S064XAA,HCC399
S065X0A,HCC399
S065X1A,HCC398
S065X2A,HCC398
S065X3A,HCC397
S065X4A,HCC397
S065X5A,HCC397
S065X6A,HCC397
S065X9A,HCC398
S065XAA,HCC399
S066X0A,HCC399
S066X1A,HCC398
S066X2A,HCC398
S066X3A,HCC397
S066X4A,HCC397
S066X5A,HCC397
S066X6A,HCC397
S066X9A,HCC398
S066XAA,HCC399
S06810A,HCC399
S06811A,HCC398
S06812A,HCC398
S06813A,HCC397
S06814A,HCC397
S06815A,HCC397
S06816A,HCC397
S06819A,HCC398
S0681AA,HCC399
S06820A,HCC399
S06821A,HCC398
S06822A,HCC398
S06823A,HCC397
S06824A,HCC397
S06825A,HCC397
S06826A,HCC397
S06829A,HCC398
S0682AA,HCC399
S06890A,HCC399
S06891A,HCC398
S06892A,HCC398
S06893A,HCC397
S06894A,HCC397
S06895A,HCC397
S06896A,HCC397
S06899A,HCC398
S0689AA,HCC399
S068A0A,HCC399
S068A1A,HCC398
S068A2A,HCC398
S068A3A,HCC397
S068A4A,HCC397
S068A5A,HCC397
S068A6A,HCC397
S068A9A,HCC398
S068AAA,HCC399
S069X0A,HCC399
S069X1A,HCC398
S069X2A,HCC398
S069X3A,HCC397
S069X4A,HCC397
S069X5A,HCC397
S069X6A,HCC397
S069X9A,HCC398
S069XAA,HCC399
S06A0XA,HCC399
S06A1XA,HCC399
S12000A,HCC401
S12000B,HCC401
S12001A,HCC401
S12001B,HCC401
S1201XA,HCC401
S1201XB,HCC401
S1202XA,HCC401
S1202XB,HCC401
S12030A,HCC401
S12030B,HCC401
S12031A,HCC401
S12031B,HCC401
S12040A,HCC401
S12040B,HCC401
S12041A,HCC401
S12041B,HCC401
S12090A,HCC401
S12090B,HCC401
S12091A,HCC401
S12091B,HCC401
S12100A,HCC401
S12100B,HCC401
S12101A,HCC401
S12101B,HCC401
S12110A,HCC401
S12110B,HCC401
S12111A,HCC401
S12111B,HCC401
S12112A,HCC401
S12112B,HCC401
S12120A,HCC401
S12120B,HCC401
S12121A,HCC401
S12121B,HCC401
S12130A,HCC401
S12130B,HCC401
S12131A,HCC401
S12131B,HCC401
S1214XA,HCC401
S1214XB,HCC401
S12150A,HCC401
S12150B,HCC401
S12151A,HCC401
S12151B,HCC401
S12190A,HCC401
S12190B,HCC401
S12191A,HCC401
S12191B,HCC401
S12200A,HCC401
S12200B,HCC401
S12201A,HCC401
S12201B,HCC401
S12230A,HCC401
S12230B,HCC401
S12231A,HCC401
S12231B,HCC401
S1224XA,HCC401
S1224XB,HCC401
S12250A,HCC401
S12250B,HCC401
S12251A,HCC401
S12251B,HCC401
S12290A,HCC401
S12290B,HCC401
S12291A,HCC401
S12291B,HCC401
S12300A,HCC401
S12300B,HCC401
S12301A,HCC401
S12301B,HCC401
S12330A,HCC401
S12330B,HCC401
S12331A,HCC401
S12331B,HCC401
S1234XA,HCC401
S1234XB,HCC401
S12350A,HCC401
S12350B,HCC401
S12351A,HCC401
S12351B,HCC401
S12390A,HCC401
S12390B,HCC401
S12391A,HCC401
S12391B,HCC401
S12400A,HCC401
S12400B,HCC401
S12401A,HCC401
S12401B,HCC401
S12430A,HCC401
S12430B,HCC401
S12431A,HCC401
S12431B,HCC401
S1244XA,HCC401
S1244XB,HCC401
S12450A,HCC401
S12450B,HCC401
S12451A,HCC401
S12451B,HCC401
S12490A,HCC401
S12490B,HCC401
S12491A,HCC401
S12491B,HCC401
S12500A,HCC401
S12500B,HCC401
S12501A,HCC401
S12501B,HCC401
S12530A,HCC401
S12530B,HCC401
S12531A,HCC401
S12531B,HCC401
S1254XA,HCC401
S1254XB,HCC401
S12550A,HCC401
S12550B,HCC401
S12551A,HCC401
S12551B,HCC401
S12590A,HCC401
S12590B,HCC401
S12591A,HCC401
S12591B,HCC401
S12600A,HCC401
S12600B,HCC401
S12601A,HCC401
S12601B,HCC401
S12630A,HCC401
S12630B,HCC401
S12631A,HCC401
S12631B,HCC401
S1264XA,HCC401
S1264XB,HCC401
S12650A,HCC401
S12650B,HCC401
S12651A,HCC401
S12651B,HCC401
S12690A,HCC401
S12690B,HCC401
S12691A,HCC401
S12691B,HCC401
S128XXA,HCC401
S129XXA,HCC401
S140XXA,HCC182
S140XXD,HCC182
S14101A,HCC182
S14101D,HCC182
S14102A,HCC182
S14102D,HCC182
S14103A,HCC182
S14103D,HCC182
S14104A,HCC182
S14104D,HCC182
S14105A,HCC182
S14105D,HCC182
S14106A,HCC182
S14106D,HCC182
S14107A,HCC182
S14107D,HCC182
S14108A,HCC182
S14108D,HCC182
S14109A,HCC182
S14109D,HCC182
S14111A,HCC180
S14111D,HCC180
S14111S,HCC180
S14112A,HCC180
S14112D,HCC180
S14112S,HCC180
S14113A,HCC180
S14113D,HCC180
S14113S,HCC180
S14114A,HCC180
S14114D,HCC180
S14114S,HCC180
S14115A,HCC180
S14115D,HCC180
S14115S,HCC180
S14116A,HCC180
S14116D,HCC180
S14116S,HCC180
S14117A,HCC180
S14117D,HCC180
S14117S,HCC180
S14118A,HCC180
S14118D,HCC180
S14118S,HCC180
S14119A,HCC180
S14119D,HCC180
S14119S,HCC180
S14121A,HCC182
S14121D,HCC182
S14122A,HCC182
S14122D,HCC182
S14123A,HCC182
S14123D,HCC182
S14124A,HCC182
S14124D,HCC182
S14125A,HCC182
S14125D,HCC182
S14126A,HCC182
S14126D,HCC182
S14127A,HCC182
S14127D,HCC182
S14128A,HCC182
S14128D,HCC182
S14129A,HCC182
S14129D,HCC182
S14131A,HCC182
S14131D,HCC182
S14132A,HCC182
S14132D,HCC182
S14133A,HCC182
S14133D,HCC182
S14134A,HCC182
S14134D,HCC182
S14135A,HCC182
S14135D,HCC182
S14136A,HCC182
S14136D,HCC182
S14137A,HCC182
S14137D,HCC182
S14138A,HCC182
S14138D,HCC182
S14139A,HCC182
S14139D,HCC182
S14141A,HCC182
S14141D,HCC182
S14142A,HCC182
S14142D,HCC182
S14143A,HCC182
S14143D,HCC182
S14144A,HCC182
S14144D,HCC182
S14145A,HCC182
S14145D,HCC182
S14146A,HCC182
S14146D,HCC182
S14147A,HCC182
S14147D,HCC182
S14148A,HCC182
S14148D,HCC182
S14149A,HCC182
S14149D,HCC182
S14151A,HCC182
S14151D,HCC182
S14152A,HCC182
S14152D,HCC182
S14153A,HCC182
S14153D,HCC182
S14154A,HCC182
S14154D,HCC182
S14155A,HCC182
S14155D,HCC182
S14156A,HCC182
S14156D,HCC182
S14157A,HCC182
S14157D,HCC182
S14158A,HCC182
S14158D,HCC182
S14159A,HCC182
S14159D,HCC182
S22000A,HCC401
S22000B,HCC401
S22001A,HCC401
S22001B,HCC401
S22002A,HCC401
S22002B,HCC401
S22008A,HCC401
S22008B,HCC401
S22009A,HCC401
S22009B,HCC401
S22010A,HCC401
S22010B,HCC401
S22011A,HCC401
S22011B,HCC401
S22012A,HCC401
S22012B,HCC401
S22018A,HCC401
S22018B,HCC401
S22019A,HCC401
S22019B,HCC401
S22020A,HCC401
S22020B,HCC401
S22021A,HCC401
S22021B,HCC401
S22022A,HCC401
S22022B,HCC401
S22028A,HCC401
S22028B,HCC401
S22029A,HCC401
S22029B,HCC401
S22030A,HCC401
S22030B,HCC401
S22031A,HCC401
S22031B,HCC401
S22032A,HCC401
S22032B,HCC401
S22038A,HCC401
S22038B,HCC401
S22039A,HCC401
S22039B,HCC401
S22040A,HCC401
S22040B,HCC401
S22041A,HCC401
S22041B,HCC401
S22042A,HCC401
S22042B,HCC401
S22048A,HCC401
S22048B,HCC401
S22049A,HCC401
S22049B,HCC401
S22050A,HCC401
S22050B,HCC401
S22051A,HCC401
S22051B,HCC401
S22052A,HCC401
S22052B,HCC401
S22058A,HCC401
S22058B,HCC401
S22059A,HCC401
S22059B,HCC401
S22060A,HCC401
S22060B,HCC401
S22061A,HCC401
S22061B,HCC401
S22062A,HCC401
S22062B,HCC401
S22068A,HCC401
S22068B,HCC401
S22069A,HCC401
S22069B,HCC401
S22070A,HCC401
S22070B,HCC401
S22071A,HCC401
S22071B,HCC401
S22072A,HCC401
S22072B,HCC401
S22078A,HCC401
S22078B,HCC401
S22079A,HCC401
S22079B,HCC401
S22080A,HCC401
S22080B,HCC401
S22081A,HCC401
S22081B,HCC401
S22082A,HCC401
S22082B,HCC401
S22088A,HCC401
S22088B,HCC401
S22089A,HCC401
S22089B,HCC401
S240XXA,HCC182
S240XXD,HCC182
S24101A,HCC182
S24101D,HCC182
S24102A,HCC182
S24102D,HCC182
S24103A,HCC182
S24103D,HCC182
S24104A,HCC182
S24104D,HCC182
S24109A,HCC182
S24109D,HCC182
S24111A,HCC181
S24111D,HCC181
S24111S,HCC181
S24112A,HCC181
S24112D,HCC181
S24112S,HCC181
S24113A,HCC181
S24113D,HCC181
S24113S,HCC181
S24114A,HCC181
S24114D,HCC181
S24114S,HCC181
S24119A,HCC181
S24119D,HCC181
S24119S,HCC181
S24131A,HCC182
S24131D,HCC182
S24132A,HCC182
S24132D,HCC182
S24133A,HCC182
S24133D,HCC182
S24134A,HCC182
S24134D,HCC182
S24139A,HCC182
S24139D,HCC182
S24141A,HCC182
S24141D,HCC182
S24142A,HCC182
S24142D,HCC182
S24143A,HCC182
S24143D,HCC182
S24144A,HCC182
S24144D,HCC182
S24149A,HCC182
S24149D,HCC182
S24151A,HCC182
S24151D,HCC182
S24152A,HCC182
S24152D,HCC182
S24153A,HCC182
S24153D,HCC182
S24154A,HCC182
S24154D,HCC182
S24159A,HCC182
S24159D,HCC182
S32000A,HCC401
S32000B,HCC401
S32001A,HCC401
S32001B,HCC401
S32002A,HCC401
S32002B,HCC401
S32008A,HCC401
S32008B,HCC401
S32009A,HCC401
S32009B,HCC401
S32010A,HCC401
S32010B,HCC401
S32011A,HCC401
S32011B,HCC401
S32012A,HCC401
S32012B,HCC401
S32018A,HCC401
S32018B,HCC401
S32019A,HCC401
S32019B,HCC401
S32020A,HCC401
S32020B,HCC401
S32021A,HCC401
S32021B,HCC401
S32022A,HCC401
S32022B,HCC401
S32028A,HCC401
S32028B,HCC401
S32029A,HCC401
S32029B,HCC401
S32030A,HCC401
S32030B,HCC401
S32031A,HCC401
S32031B,HCC401
S32032A,HCC401
S32032B,HCC401
S32038A,HCC401
S32038B,HCC401
S32039A,HCC401
S32039B,HCC401
S32040A,HCC401
S32040B,HCC401
S32041A,HCC401
S32041B,HCC401
S32042A,HCC401
S32042B,HCC401
S32048A,HCC401
S32048B,HCC401
S32049A,HCC401
S32049B,HCC401
S32050A,HCC401
S32050B,HCC401
S32051A,HCC401
S32051B,HCC401
S32052A,HCC401
S32052B,HCC401
S32058A,HCC401
S32058B,HCC401
S32059A,HCC401
S32059B,HCC401
S3210XA,HCC401
S3210XB,HCC401
S32110A,HCC401
S32110B,HCC401
S32111A,HCC401
S32111B,HCC401
S32112A,HCC401
S32112B,HCC401
S32119A,HCC401
S32119B,HCC401
S32120A,HCC401
S32120B,HCC401
S32121A,HCC401
S32121B,HCC401
S32122A,HCC401
S32122B,HCC401
S32129A,HCC401
S32129B,HCC401
S32130A,HCC401
S32130B,HCC401
S32131A,HCC401
S32131B,HCC401
S32132A,HCC401
S32132B,HCC401
S32139A,HCC401
S32139B,HCC401
S3214XA,HCC401
S3214XB,HCC401
S3215XA,HCC401
S3215XB,HCC401
S3216XA,HCC401
S3216XB,HCC401
S3217XA,HCC401
S3217XB,HCC401
S3219XA,HCC401
S3219XB,HCC401
S322XXA,HCC401
S322XXB,HCC401
S32301A,HCC402
S32301B,HCC402
S32302A,HCC402
S32302B,HCC402
S32309A,HCC402
S32309B,HCC402
S32311A,HCC402
S32311B,HCC402
S32312A,HCC402
S32312B,HCC402
S32313A,HCC402
S32313B,HCC402
S32314A,HCC402
S32314B,HCC402
S32315A,HCC402
S32315B,HCC402
S32316A,HCC402
S32316B,HCC402
S32391A,HCC402
S32391B,HCC402
S32392A,HCC402
S32392B,HCC402
S32399A,HCC402
S32399B,HCC402
S32401A,HCC402
S32401B,HCC402
S32402A,HCC402
S32402B,HCC402
S32409A,HCC402
S32409B,HCC402
S32411A,HCC402
S32411B,HCC402
S32412A,HCC402
S32412B,HCC402
S32413A,HCC402
S32413B,HCC402
S32414A,HCC402
S32414B,HCC402
S32415A,HCC402
S32415B,HCC402
S32416A,HCC402
S32416B,HCC402
S32421A,HCC402
S32421B,HCC402
S32422A,HCC402
S32422B,HCC402
S32423A,HCC402
S32423B,HCC402
S32424A,HCC402
S32424B,HCC402
S32425A,HCC402
S32425B,HCC402
S32426A,HCC402
S32426B,HCC402
S32431A,HCC402
S32431B,HCC402
S32432A,HCC402
S32432B,HCC402
S32433A,HCC402
S32433B,HCC402
S32434A,HCC402
S32434B,HCC402
S32435A,HCC402
S32435B,HCC402
S32436A,HCC402
S32436B,HCC402
S32441A,HCC402
S32441B,HCC402
S32442A,HCC402
S32442B,HCC402
S32443A,HCC402
S32443B,HCC402
S32444A,HCC402
S32444B,HCC402
S32445A,HCC402
S32445B,HCC402
S32446A,HCC402
S32446B,HCC402
S32451A,HCC402
S32451B,HCC402
S32452A,HCC402
S32452B,HCC402
S32453A,HCC402
S32453B,HCC402
S32454A,HCC402
S32454B,HCC402
S32455A,HCC402
S32455B,HCC402
S32456A,HCC402
S32456B,HCC402
S32461A,HCC402
S32461B,HCC402
S32462A,HCC402
S32462B,HCC402
S32463A,HCC402
S32463B,HCC402
S32464A,HCC402
S32464B,HCC402
S32465A,HCC402
S32465B,HCC402
S32466A,HCC402
S32466B,HCC402
S32471A,HCC402
S32471B,HCC402
S32472A,HCC402
S32472B,HCC402
S32473A,HCC402
S32473B,HCC402
S32474A,HCC402
S32474B,HCC402
S32475A,HCC402
S32475B,HCC402
S32476A,HCC402
S32476B,HCC402
S32481A,HCC402
S32481B,HCC402
S32482A,HCC402
S32482B,HCC402
S32483A,HCC402
S32483B,HCC402
S32484A,HCC402
S32484B,HCC402
S32485A,HCC402
S32485B,HCC402
S32486A,HCC402
S32486B,HCC402
S32491A,HCC402
S32491B,HCC402
S32492A,HCC402
S32492B,HCC402
S32499A,HCC402
S32499B,HCC402
S32501A,HCC402
S32501B,HCC402
S32502A,HCC402
S32502B,HCC402
S32509A,HCC402
S32509B,HCC402
S32511A,HCC402
S32511B,HCC402
S32512A,HCC402
S32512B,HCC402
S32519A,HCC402
S32519B,HCC402
S32591A,HCC402
S32591B,HCC402
S32592A,HCC402
S32592B,HCC402
S32599A,HCC402
S32599B,HCC402
S32601A,HCC402
S32601B,HCC402
S32602A,HCC402
S32602B,HCC402
S32609A,HCC402
S32609B,HCC402
S32611A,HCC402
S32611B,HCC402
S32612A,HCC402
S32612B,HCC402
S32613A,HCC402
S32613B,HCC402
S32614A,HCC402
S32614B,HCC402
S32615A,HCC402
S32615B,HCC402
S32616A,HCC402
S32616B,HCC402
S32691A,HCC402
S32691B,HCC402
S32692A,HCC402
S32692B,HCC402
S32699A,HCC402
S32699B,HCC402
S32810A,HCC402
S32810B,HCC402
S32811A,HCC402
S32811B,HCC402
S3282XA,HCC402
S3282XB,HCC402
S3289XA,HCC402
S3289XB,HCC402
S329XXA,HCC402
S329XXB,HCC402
S3401XA,HCC182
S3401XD,HCC182
S3402XA,HCC182
S3402XD,HCC182
S34101A,HCC182
S34101D,HCC182
S34102A,HCC182
S34102D,HCC182
S34103A,HCC182
S34103D,HCC182
S34104A,HCC182
S34104D,HCC182
S34105A,HCC182
S34105D,HCC182
S34109A,HCC182
S34109D,HCC182
S34111A,HCC182
S34111D,HCC182
S34112A,HCC182
S34112D,HCC182
S34113A,HCC182
S34113D,HCC182
S34114A,HCC182
S34114D,HCC182
S34115A,HCC182
S34115D,HCC182
S34119A,HCC182
S34119D,HCC182
S34121A,HCC182
S34121D,HCC182
S34122A,HCC182
S34122D,HCC182
S34123A,HCC182
S34123D,HCC182
S34124A,HCC182
S34124D,HCC182
S34125A,HCC182
S34125D,HCC182
S34129A,HCC182
S34129D,HCC182
S34131A,HCC182
S34131D,HCC182
S34132A,HCC182
S34132D,HCC182
S34139A,HCC182
S34139D,HCC182
S343XXA,HCC182
S48011A,HCC405
S48012A,HCC405
S48019A,HCC405
S48021A,HCC405
S48022A,HCC405
S48029A,HCC405
S48111A,HCC405
S48112A,HCC405
S48119A,HCC405
S48121A,HCC405
S48122A,HCC405
S48129A,HCC405
S48911A,HCC405
S48912A,HCC405
S48919A,HCC405
S48921A,HCC405
S48922A,HCC405
S48929A,HCC405
S58011A,HCC405
S58012A,HCC405
S58019A,HCC405
S58021A,HCC405
S58022A,HCC405
S58029A,HCC405
S58111A,HCC405
S58112A,HCC405
S58119A,HCC405
S58121A,HCC405
S58122A,HCC405
S58129A,HCC405
S58911A,HCC405
S58912A,HCC405
S58919A,HCC405
S58921A,HCC405
S58922A,HCC405
S58929A,HCC405
S68411A,HCC405
S68412A,HCC405
S68419A,HCC405
S68421A,HCC405
S68422A,HCC405
S68429A,HCC405
S68711A,HCC405
S68712A,HCC405
S68719A,HCC405
S68721A,HCC405
S68722A,HCC405
S68729A,HCC405
S72001A,HCC402
S72001B,HCC402
S72001C,HCC402
S72002A,HCC402
S72002B,HCC402
S72002C,HCC402
S72009A,HCC402
S72009B,HCC402
S72009C,HCC402
S72011A,HCC402
S72011B,HCC402
S72011C,HCC402
S72012A,HCC402
S72012B,HCC402
S72012C,HCC402
S72019A,HCC402
S72019B,HCC402
S72019C,HCC402
S72021A,HCC402
S72021B,HCC402
S72021C,HCC402
S72022A,HCC402
S72022B,HCC402
S72022C,HCC402
S72023A,HCC402
S72023B,HCC402
S72023C,HCC402
S72024A,HCC402
S72024B,HCC402
S72024C,HCC402
S72025A,HCC402
S72025B,HCC402
S72025C,HCC402
S72026A,HCC402
S72026B,HCC402
S72026C,HCC402
S72031A,HCC402
S72031B,HCC402
S72031C,HCC402
S72032A,HCC402
S72032B,HCC402
S72032C,HCC402
S72033A,HCC402
S72033B,HCC402
S72033C,HCC402
S72034A,HCC402
S72034B,HCC402
S72034C,HCC402
S72035A,HCC402
S72035B,HCC402
S72035C,HCC402
S72036A,HCC402
S72036B,HCC402
S72036C,HCC402
S72041A,HCC402
S72041B,HCC402
S72041C,HCC402
S72042A,HCC402
S72042B,HCC402
S72042C,HCC402
S72043A,HCC402
S72043B,HCC402
S72043C,HCC402
S72044A,HCC402
S72044B,HCC402
S72044C,HCC402
S72045A,HCC402
S72045B,HCC402
S72045C,HCC402
S72046A,HCC402
S72046B,HCC402
S72046C,HCC402
S72051A,HCC402
S72051B,HCC402
S72051C,HCC402
S72052A,HCC402
S72052B,HCC402
S72052C,HCC402
S72059A,HCC402
S72059B,HCC402
S72059C,HCC402
S72061A,HCC402
S72061B,HCC402
S72061C,HCC402
S72062A,HCC402
S72062B,HCC402
S72062C,HCC402
S72063A,HCC402
S72063B,HCC402
S72063C,HCC402
S72064A,HCC402
S72064B,HCC402
S72064C,HCC402
S72065A,HCC402
S72065B,HCC402
S72065C,HCC402
S72066A,HCC402
S72066B,HCC402
S72066C,HCC402
S72091A,HCC402
S72091B,HCC402
S72091C,HCC402
S72092A,HCC402
S72092B,HCC402
S72092C,HCC402
S72099A,HCC402
S72099B,HCC402
S72099C,HCC402
S72101A,HCC402
S72101B,HCC402
S72101C,HCC402
S72102A,HCC402
S72102B,HCC402
S72102C,HCC402
S72109A,HCC402
S72109B,HCC402
S72109C,HCC402
S72111A,HCC402
S72111B,HCC402
S72111C,HCC402
S72112A,HCC402
S72112B,HCC402
S72112C,HCC402
S72113A,HCC402
S72113B,HCC402
S72113C,HCC402
S72114A,HCC402
S72114B,HCC402
S72114C,HCC402
S72115A,HCC402
S72115B,HCC402
S72115C,HCC402
S72116A,HCC402
S72116B,HCC402
S72116C,HCC402
S72121A,HCC402
S72121B,HCC402
S72121C,HCC402
S72122A,HCC402
S72122B,HCC402
S72122C,HCC402
S72123A,HCC402
S72123B,HCC402
S72123C,HCC402
S72124A,HCC402
S72124B,HCC402
S72124C,HCC402
S72125A,HCC402
S72125B,HCC402
S72125C,HCC402
S72126A,HCC402
S72126B,HCC402
S72126C,HCC402
S72131A,HCC402
S72131B,HCC402
S72131C,HCC402
S72132A,HCC402
S72132B,HCC402
S72132C,HCC402
S72133A,HCC402
S72133B,HCC402
S72133C,HCC402
S72134A,HCC402
S72134B,HCC402
S72134C,HCC402
S72135A,HCC402
S72135B,HCC402
S72135C,HCC402
S72136A,HCC402
S72136B,HCC402
S72136C,HCC402
S72141A,HCC402
S72141B,HCC402
S72141C,HCC402
S72142A,HCC402
S72142B,HCC402
S72142C,HCC402
S72143A,HCC402
S72143B,HCC402
S72143C,HCC402
S72144A,HCC402
S72144B,HCC402
S72144C,HCC402
S72145A,HCC402
S72145B,HCC402
S72145C,HCC402
S72146A,HCC402
S72146B,HCC402
S72146C,HCC402
S7221XA,HCC402
S7221XB,HCC402
S7221XC,HCC402
S7222XA,HCC402
S7222XB,HCC402
S7222XC,HCC402
S7223XA,HCC402
S7223XB,HCC402
S7223XC,HCC402
S7224XA,HCC402
S7224XB,HCC402
S7224XC,HCC402
S7225XA,HCC402
S7225XB,HCC402
S7225XC,HCC402
S7226XA,HCC402
S7226XB,HCC402
S7226XC,HCC402
S72301A,HCC402
S72301B,HCC402
S72301C,HCC402
S72302A,HCC402
S72302B,HCC402
S72302C,HCC402
S72309A,HCC402
S72309B,HCC402
S72309C,HCC402
S72321A,HCC402
S72321B,HCC402
S72321C,HCC402
S72322A,HCC402
S72322B,HCC402
S72322C,HCC402
S72323A,HCC402
S72323B,HCC402
S72323C,HCC402
S72324A,HCC402
S72324B,HCC402
S72324C,HCC402
S72325A,HCC402
S72325B,HCC402
S72325C,HCC402
S72326A,HCC402
S72326B,HCC402
S72326C,HCC402
S72331A,HCC402
S72331B,HCC402
S72331C,HCC402
S72332A,HCC402
S72332B,HCC402
S72332C,HCC402
S72333A,HCC402
S72333B,HCC402
S72333C,HCC402
S72334A,HCC402
S72334B,HCC402
S72334C,HCC402
S72335A,HCC402
S72335B,HCC402
S72335C,HCC402
S72336A,HCC402
S72336B,HCC402
S72336C,HCC402
S72341A,HCC402
S72341B,HCC402
S72341C,HCC402
S72342A,HCC402
S72342B,HCC402
S72342C,HCC402
S72343A,HCC402
S72343B,HCC402
S72343C,HCC402
S72344A,HCC402
S72344B,HCC402
S72344C,HCC402
S72345A,HCC402
S72345B,HCC402
S72345C,HCC402
S72346A,HCC402
S72346B,HCC402
S72346C,HCC402
S72351A,HCC402
S72351B,HCC402
S72351C,HCC402
S72352A,HCC402
S72352B,HCC402
S72352C,HCC402
S72353A,HCC402
S72353B,HCC402
S72353C,HCC402
S72354A,HCC402
S72354B,HCC402
S72354C,HCC402
S72355A,HCC402
S72355B,HCC402
S72355C,HCC402
S72356A,HCC402
S72356B,HCC402
S72356C,HCC402
S72361A,HCC402
S72361B,HCC402
S72361C,HCC402
S72362A,HCC402
S72362B,HCC402
S72362C,HCC402
S72363A,HCC402
S72363B,HCC402
S72363C,HCC402
S72364A,HCC402
S72364B,HCC402
S72364C,HCC402
S72365A,HCC402
S72365B,HCC402
S72365C,HCC402
S72366A,HCC402
S72366B,HCC402
S72366C,HCC402
S72391A,HCC402
S72391B,HCC402
S72391C,HCC402
S72392A,HCC402
S72392B,HCC402
S72392C,HCC402
S72399A,HCC402
S72399B,HCC402
S72399C,HCC402
S72401A,HCC402
S72401B,HCC402
S72401C,HCC402
S72402A,HCC402
S72402B,HCC402
S72402C,HCC402
S72409A,HCC402
S72409B,HCC402
S72409C,HCC402
S72411A,HCC402
S72411B,HCC402
S72411C,HCC402
S72412A,HCC402
S72412B,HCC402
S72412C,HCC402
S72413A,HCC402
S72413B,HCC402
S72413C,HCC402
S72414A,HCC402
S72414B,HCC402
S72414C,HCC402
S72415A,HCC402
S72415B,HCC402
S72415C,HCC402
S72416A,HCC402
S72416B,HCC402
S72416C,HCC402
S72421A,HCC402
S72421B,HCC402
S72421C,HCC402
S72422A,HCC402
S72422B,HCC402
S72422C,HCC402
S72423A,HCC402
S72423B,HCC402
S72423C,HCC402
S72424A,HCC402
S72424B,HCC402
S72424C,HCC402
S72425A,HCC402
S72425B,HCC402
S72425C,HCC402
S72426A,HCC402
S72426B,HCC402
S72426C,HCC402
S72431A,HCC402
S72431B,HCC402
S72431C,HCC402
S72432A,HCC402
S72432B,HCC402
S72432C,HCC402
S72433A,HCC402
S72433B,HCC402
S72433C,HCC402
S72434A,HCC402
S72434B,HCC402
S72434C,HCC402
S72435A,HCC402
S72435B,HCC402
S72435C,HCC402
S72436A,HCC402
S72436B,HCC402
S72436C,HCC402
S72441A,HCC402
S72441B,HCC402
S72441C,HCC402
S72442A,HCC402
S72442B,HCC402
S72442C,HCC402
S72443A,HCC402
S72443B,HCC402
S72443C,HCC402
S72444A,HCC402
S72444B,HCC402
S72444C,HCC402
S72445A,HCC402
S72445B,HCC402
S72445C,HCC402
S72446A,HCC402
S72446B,HCC402
S72446C,HCC402
S72451A,HCC402
S72451B,HCC402
S72451C,HCC402
S72452A,HCC402
S72452B,HCC402
S72452C,HCC402
S72453A,HCC402
S72453B,HCC402
S72453C,HCC402
S72454A,HCC402
S72454B,HCC402
S72454C,HCC402
S72455A,HCC402
S72455B,HCC402
S72455C,HCC402
S72456A,HCC402
S72456B,HCC402
S72456C,HCC402
S72461A,HCC402
S72461B,HCC402
S72461C,HCC402
S72462A,HCC402
S72462B,HCC402
S72462C,HCC402
S72463A,HCC402
S72463B,HCC402
S72463C,HCC402
S72464A,HCC402
S72464B,HCC402
S72464C,HCC402
S72465A,HCC402
S72465B,HCC402
S72465C,HCC402
S72466A,HCC402
S72466B,HCC402
S72466C,HCC402
S72471A,HCC402
S72472A,HCC402
S72479A,HCC402
S72491A,HCC402
S72491B,HCC402
S72491C,HCC402
S72492A,HCC402
S72492B,HCC402
S72492C,HCC402
S72499A,HCC402
S72499B,HCC402
S72499C,HCC402
S728X1A,HCC402
S728X1B,HCC402
S728X1C,HCC402
S728X2A,HCC402
S728X2B,HCC402
S728X2C,HCC402
S728X9A,HCC402
S728X9B,HCC402
S728X9C,HCC402
S7290XA,HCC402
S7290XB,HCC402
S7290XC,HCC402
S7291XA,HCC402
S7291XB,HCC402
S7291XC,HCC402
S7292XA,HCC402
S7292XB,HCC402
S7292XC,HCC402
S73001A,HCC402
S73002A,HCC402
S73003A,HCC402
S73004A,HCC402
S73005A,HCC402
S73006A,HCC402
S73011A,HCC402
S73012A,HCC402
S73013A,HCC402
S73014A,HCC402
S73015A,HCC402
S73016A,HCC402
S73021A,HCC402
S73022A,HCC402
S73023A,HCC402
S73024A,HCC402
S73025A,HCC402
S73026A,HCC402
S73031A,HCC402
S73032A,HCC402
S73033A,HCC402
S73034A,HCC402
S73035A,HCC402
S73036A,HCC402
S73041A,HCC402
S73042A,HCC402
S73043A,HCC402
S73044A,HCC402
S73045A,HCC402
S73046A,HCC402
S78011A,HCC405
S78012A,HCC405
S78019A,HCC405
S78021A,HCC405
S78022A,HCC405
S78029A,HCC405
S78111A,HCC405
S78112A,HCC405
S78119A,HCC405
S78121A,HCC405
S78122A,HCC405
S78129A,HCC405
S78911A,HCC405
S78912A,HCC405
S78919A,HCC405
S78921A,HCC405
S78922A,HCC405
S78929A,HCC405
S79001A,HCC402
S79002A,HCC402
S79009A,HCC402
S79011A,HCC402
S79012A,HCC402
S79019A,HCC402
S79091A,HCC402
S79092A,HCC402
S79099A,HCC402
S79101A,HCC402
S79102A,HCC402
S79109A,HCC402
S79111A,HCC402
S79112A,HCC402
S79119A,HCC402
S79121A,HCC402
S79122A,HCC402
S79129A,HCC402
S79131A,HCC402
S79132A,HCC402
S79139A,HCC402
S79141A,HCC402
S79142A,HCC402
S79149A,HCC402
S79191A,HCC402
S79192A,HCC402
S79199A,HCC402
S88011A,HCC405
S88012A,HCC405
S88019A,HCC405
S88021A,HCC405
S88022A,HCC405
S88029A,HCC405
S88111A,HCC405
S88112A,HCC405
S88119A,HCC405
S88121A,HCC405
S88122A,HCC405
S88129A,HCC405
S88911A,HCC405
S88912A,HCC405
S88919A,HCC405
S88921A,HCC405
S88922A,HCC405
S88929A,HCC405
S98011A,HCC405
S98012A,HCC405
S98019A,HCC405
S98021A,HCC405
S98022A,HCC405
S98029A,HCC405
S98311A,HCC405
S98312A,HCC405
S98319A,HCC405
S98321A,HCC405
S98322A,HCC405
S98329A,HCC405
S98911A,HCC405
S98912A,HCC405
S98919A,HCC405
S98921A,HCC405
S98922A,HCC405
S98929A,HCC405
T1491XA,HCC155
T1491XA,HCC155
T3111,HCC385
T3121,HCC385
T3122,HCC385
T3131,HCC385
T3132,HCC385
T3133,HCC385
T3141,HCC385
T3142,HCC385
T3143,HCC385
T3144,HCC385
T3151,HCC385
T3152,HCC385
T3153,HCC385
T3154,HCC385
T3155,HCC385
T3161,HCC385
T3162,HCC385
T3163,HCC385
T3164,HCC385
T3165,HCC385
T3166,HCC385
T3171,HCC385
T3172,HCC385
T3173,HCC385
T3174,HCC385
T3175,HCC385
T3176,HCC385
T3177,HCC385
T3181,HCC385
T3182,HCC385
T3183,HCC385
T3184,HCC385
T3185,HCC385
T3186,HCC385
T3187,HCC385
T3188,HCC385
T3191,HCC385
T3192,HCC385
T3193,HCC385
T3194,HCC385
T3195,HCC385
T3196,HCC385
T3197,HCC385
T3198,HCC385
T3199,HCC385
T3211,HCC385
T3221,HCC385
T3222,HCC385
T3231,HCC385
T3232,HCC385
T3233,HCC385
T3241,HCC385
T3242,HCC385
T3243,HCC385
T3244,HCC385
T3251,HCC385
T3252,HCC385
T3253,HCC385
T3254,HCC385
T3255,HCC385
T3261,HCC385
T3262,HCC385
T3263,HCC385
T3264,HCC385
T3265,HCC385
T3266,HCC385
T3271,HCC385
T3272,HCC385
T3273,HCC385
T3274,HCC385
T3275,HCC385
T3276,HCC385
T3277,HCC385
T3281,HCC385
T3282,HCC385
T3283,HCC385
T3284,HCC385
T3285,HCC385
T3286,HCC385
T3287,HCC385
T3288,HCC385
T3291,HCC385
T3292,HCC385
T3293,HCC385
T3294,HCC385
T3295,HCC385
T3296,HCC385
T3297,HCC385
T3298,HCC385
T3299,HCC385
T360X2A,HCC155
T360X2A,HCC155
T361X2A,HCC155
T361X2A,HCC155
T362X2A,HCC155
T362X2A,HCC155
T363X2A,HCC155
T363X2A,HCC155
T364X2A,HCC155
T364X2A,HCC155
T365X2A,HCC155
T365X2A,HCC155
T366X2A,HCC155
T366X2A,HCC155
T367X2A,HCC155
T367X2A,HCC155
T368X2A,HCC155
T368X2A,HCC155
T3692XA,HCC155
T3692XA,HCC155
T36AX2A,HCC155
T36AX2A,HCC155
T370X2A,HCC155
T370X2A,HCC155
T371X2A,HCC155
T371X2A,HCC155
T372X2A,HCC155
T372X2A,HCC155
T373X2A,HCC155
T373X2A,HCC155
T374X2A,HCC155
T374X2A,HCC155
T375X2A,HCC155
T375X2A,HCC155
T378X2A,HCC155
T378X2A,HCC155
T3792XA,HCC155
T3792XA,HCC155
T380X2A,HCC155
T380X2A,HCC155
T381X2A,HCC155
T381X2A,HCC155
T382X2A,HCC155
T382X2A,HCC155
T383X2A,HCC155
T383X2A,HCC155
T384X2A,HCC155
T384X2A,HCC155
T385X2A,HCC155
T385X2A,HCC155
T386X2A,HCC155
T386X2A,HCC155
T387X2A,HCC155
T387X2A,HCC155
T38802A,HCC155
T38802A,HCC155
T38812A,HCC155
T38812A,HCC155
T38892A,HCC155
T38892A,HCC155
T38902A,HCC155
T38902A,HCC155
T38992A,HCC155
T38992A,HCC155
T39012A,HCC155
T39012A,HCC155
T39092A,HCC155
T39092A,HCC155
T391X2A,HCC155
T391X2A,HCC155
T392X2A,HCC155
T392X2A,HCC155
T39312A,HCC155
T39312A,HCC155
T39392A,HCC155
T39392A,HCC155
T394X2A,HCC155
T394X2A,HCC155
T398X2A,HCC155
T398X2A,HCC155
T3992XA,HCC155
T3992XA,HCC155
T400X1A,HCC137
T400X2A,HCC155
T400X2A,HCC155
T400X4A,HCC137
T401X1A,HCC137
T401X2A,HCC155
T401X2A,HCC155
T401X4A,HCC137
T402X1A,HCC137
T402X2A,HCC155
T402X2A,HCC155
T402X4A,HCC137
T403X1A,HCC137
T403X2A,HCC155
T403X2A,HCC155
T403X4A,HCC137
T40411A,HCC137
T40412A,HCC155
T40412A,HCC155
T40414A,HCC137
T40421A,HCC137
T40422A,HCC155
T40422A,HCC155
T40424A,HCC137
T40491A,HCC137
T40492A,HCC155
T40492A,HCC155
T40494A,HCC137
T405X1A,HCC137
T405X2A,HCC155
T405X2A,HCC155
T405X4A,HCC137
T40601A,HCC137
T40602A,HCC155
T40602A,HCC155
T40604A,HCC137
T40691A,HCC137
T40692A,HCC155
T40692A,HCC155
T40694A,HCC137
T40712A,HCC155
T40712A,HCC155
T40722A,HCC155
T40722A,HCC155
T408X1A,HCC137
T408X2A,HCC155
T408X2A,HCC155
T408X4A,HCC137
T40901A,HCC137
T40902A,HCC155
T40902A,HCC155
T40904A,HCC137
T40991A,HCC137
T40992A,HCC155
T40992A,HCC155
T40994A,HCC137
T410X2A,HCC155
T410X2A,HCC155
T411X2A,HCC155
T411X2A,HCC155
T41202A,HCC155
T41202A,HCC155
T41292A,HCC155
T41292A,HCC155
T413X2A,HCC155
T413X2A,HCC155
T4142XA,HCC155
T4142XA,HCC155
T415X2A,HCC155
T415X2A,HCC155
T420X2A,HCC155
T420X2A,HCC155
T421X2A,HCC155
T421X2A,HCC155
T422X2A,HCC155
T422X2A,HCC155
T423X2A,HCC155
T423X2A,HCC155
T424X2A,HCC155
T424X2A,HCC155
T425X2A,HCC155
T425X2A,HCC155
T426X2A,HCC155
T426X2A,HCC155
T4272XA,HCC155
T4272XA,HCC155
T428X2A,HCC155
T428X2A,HCC155
T43012A,HCC155
T43012A,HCC155
T43022A,HCC155
T43022A,HCC155
T431X2A,HCC155
T431X2A,HCC155
T43202A,HCC155
T43202A,HCC155
T43212A,HCC155
T43212A,HCC155
T43222A,HCC155
T43222A,HCC155
T43292A,HCC155
T43292A,HCC155
T433X2A,HCC155
T433X2A,HCC155
T434X2A,HCC155
T434X2A,HCC155
T43502A,HCC155
T43502A,HCC155
T43592A,HCC155
T43592A,HCC155
T43601A,HCC137
T43602A,HCC155
T43602A,HCC155
T43604A,HCC137
T43611A,HCC137
T43612A,HCC155
T43612A,HCC155
T43614A,HCC137
T43621A,HCC137
T43622A,HCC155
T43622A,HCC155
T43624A,HCC137
T43631A,HCC137
T43632A,HCC155
T43632A,HCC155
T43634A,HCC137
T43641A,HCC137
T43642A,HCC155
T43642A,HCC155
T43644A,HCC137
T43651A,HCC137
T43652A,HCC155
T43652A,HCC155
T43654A,HCC137
T43691A,HCC137
T43692A,HCC155
T43692A,HCC155
T43694A,HCC137
T438X2A,HCC155
T438X2A,HCC155
T4392XA,HCC155
T4392XA,HCC155
T440X2A,HCC155
T440X2A,HCC155
T441X2A,HCC155
T441X2A,HCC155
T442X2A,HCC155
T442X2A,HCC155
T443X2A,HCC155
T443X2A,HCC155
T444X2A,HCC155
T444X2A,HCC155
T445X2A,HCC155
T445X2A,HCC155
T446X2A,HCC155
T446X2A,HCC155
T447X2A,HCC155
T447X2A,HCC155
T448X2A,HCC155
T448X2A,HCC155
T44902A,HCC155
T44902A,HCC155
T44992A,HCC155
T44992A,HCC155
T450X2A,HCC155
T450X2A,HCC155
T451X2A,HCC155
T451X2A,HCC155
T452X2A,HCC155
T452X2A,HCC155
T453X2A,HCC155
T453X2A,HCC155
T454X2A,HCC155
T454X2A,HCC155
T45512A,HCC155
T45512A,HCC155
T45522A,HCC155
T45522A,HCC155
T45602A,HCC155
T45602A,HCC155
T45612A,HCC155
T45612A,HCC155
T45622A,HCC155
T45622A,HCC155
T45692A,HCC155
T45692A,HCC155
T457X2A,HCC155
T457X2A,HCC155
T458X2A,HCC155
T458X2A,HCC155
T4592XA,HCC155
T4592XA,HCC155
T45AX2A,HCC155
T45AX2A,HCC155
T460X2A,HCC155
T460X2A,HCC155
T461X2A,HCC155
T461X2A,HCC155
T462X2A,HCC155
T462X2A,HCC155
T463X2A,HCC155
T463X2A,HCC155
T464X2A,HCC155
T464X2A,HCC155
T465X2A,HCC155
T465X2A,HCC155
T466X2A,HCC155
T466X2A,HCC155
T467X2A,HCC155
T467X2A,HCC155
T468X2A,HCC155
T468X2A,HCC155
T46902A,HCC155
T46902A,HCC155
T46992A,HCC155
T46992A,HCC155
T470X2A,HCC155
T470X2A,HCC155
T471X2A,HCC155
T471X2A,HCC155
T472X2A,HCC155
T472X2A,HCC155
T473X2A,HCC155
T473X2A,HCC155
T474X2A,HCC155
T474X2A,HCC155
T475X2A,HCC155
T475X2A,HCC155
T476X2A,HCC155
T476X2A,HCC155
T477X2A,HCC155
T477X2A,HCC155
T478X2A,HCC155
T478X2A,HCC155
T4792XA,HCC155
T4792XA,HCC155
T480X2A,HCC155
T480X2A,HCC155
T481X2A,HCC155
T481X2A,HCC155
T48202A,HCC155
T48202A,HCC155
T48292A,HCC155
T48292A,HCC155
T483X2A,HCC155
T483X2A,HCC155
T484X2A,HCC155
T484X2A,HCC155
T485X2A,HCC155
T485X2A,HCC155
T486X2A,HCC155
T486X2A,HCC155
T48902A,HCC155
T48902A,HCC155
T48992A,HCC155
T48992A,HCC155
T490X2A,HCC155
T490X2A,HCC155
T491X2A,HCC155
T491X2A,HCC155
T492X2A,HCC155
T492X2A,HCC155
T493X2A,HCC155
T493X2A,HCC155
T494X2A,HCC155
T494X2A,HCC155
T495X2A,HCC155
T495X2A,HCC155
T496X2A,HCC155
T496X2A,HCC155
T497X2A,HCC155
T497X2A,HCC155
T498X2A,HCC155
T498X2A,HCC155
T4992XA,HCC155
T4992XA,HCC155
T500X2A,HCC155
T500X2A,HCC155
T501X2A,HCC155
T501X2A,HCC155
T502X2A,HCC155
T502X2A,HCC155
T503X2A,HCC155
T503X2A,HCC155
T504X2A,HCC155
T504X2A,HCC155
T505X2A,HCC155
T505X2A,HCC155
T506X2A,HCC155
T506X2A,HCC155
T507X2A,HCC155
T507X2A,HCC155
T508X2A,HCC155
T508X2A,HCC155
T50902A,HCC155
T50902A,HCC155
T50912A,HCC155
T50912A,HCC155
T50992A,HCC155
T50992A,HCC155
T50A12A,HCC155
T50A12A,HCC155
T50A22A,HCC155
T50A22A,HCC155
T50A92A,HCC155
T50A92A,HCC155
T50B12A,HCC155
T50B12A,HCC155
T50B92A,HCC155
T50B92A,HCC155
T50Z12A,HCC155
T50Z12A,HCC155
T50Z92A,HCC155
T50Z92A,HCC155
T510X2A,HCC155
T510X2A,HCC155
T511X2A,HCC155
T511X2A,HCC155
T512X2A,HCC155
T512X2A,HCC155
T513X2A,HCC155
T513X2A,HCC155
T518X2A,HCC155
T518X2A,HCC155
T5192XA,HCC155
T5192XA,HCC155
T520X2A,HCC155
T520X2A,HCC155
T521X2A,HCC155
T521X2A,HCC155
T522X2A,HCC155
T522X2A,HCC155
T523X2A,HCC155
T523X2A,HCC155
T524X2A,HCC155
T524X2A,HCC155
T528X2A,HCC155
T528X2A,HCC155
T5292XA,HCC155
T5292XA,HCC155
T530X2A,HCC155
T530X2A,HCC155
T531X2A,HCC155
T531X2A,HCC155
T532X2A,HCC155
T532X2A,HCC155
T533X2A,HCC155
T533X2A,HCC155
T534X2A,HCC155
T534X2A,HCC155
T535X2A,HCC155
T535X2A,HCC155
T536X2A,HCC155
T536X2A,HCC155
T537X2A,HCC155
T537X2A,HCC155
T5392XA,HCC155
T5392XA,HCC155
T540X2A,HCC155
T540X2A,HCC155
T541X2A,HCC155
T541X2A,HCC155
T542X2A,HCC155
T542X2A,HCC155
T543X2A,HCC155
T543X2A,HCC155
T5492XA,HCC155
T5492XA,HCC155
T550X2A,HCC155
T550X2A,HCC155
T551X2A,HCC155
T551X2A,HCC155
T560X2A,HCC155
T560X2A,HCC155
T561X2A,HCC155
T561X2A,HCC155
T562X2A,HCC155
T562X2A,HCC155
T563X2A,HCC155
T563X2A,HCC155
T564X2A,HCC155
T564X2A,HCC155
T565X2A,HCC155
T565X2A,HCC155
T566X2A,HCC155
T566X2A,HCC155
T567X2A,HCC155
T567X2A,HCC155
T56812A,HCC155
T56812A,HCC155
T56822A,HCC155
T56822A,HCC155
T56892A,HCC155
T56892A,HCC155
T5692XA,HCC155
T5692XA,HCC155
T570X2A,HCC155
T570X2A,HCC155
T571X2A,HCC155
T571X2A,HCC155
T572X2A,HCC155
T572X2A,HCC155
T573X2A,HCC155
T573X2A,HCC155
T578X2A,HCC155
T578X2A,HCC155
T5792XA,HCC155
T5792XA,HCC155
T5802XA,HCC155
T5802XA,HCC155
T5812XA,HCC155
T5812XA,HCC155
T582X2A,HCC155
T582X2A,HCC155
T588X2A,HCC155
T588X2A,HCC155
T5892XA,HCC155
T5892XA,HCC155
T590X2A,HCC155
T590X2A,HCC155
T591X2A,HCC155
T591X2A,HCC155
T592X2A,HCC155
T592X2A,HCC155
T593X2A,HCC155
T593X2A,HCC155
T594X2A,HCC155
T594X2A,HCC155
T595X2A,HCC155
T595X2A,HCC155
T596X2A,HCC155
T596X2A,HCC155
T597X2A,HCC155
T597X2A,HCC155
T59812A,HCC155
T59812A,HCC155
T59892A,HCC155
T59892A,HCC155
T5992XA,HCC155
T5992XA,HCC155
T600X2A,HCC155
T600X2A,HCC155
T601X2A,HCC155
T601X2A,HCC155
T602X2A,HCC155
T602X2A,HCC155
T603X2A,HCC155
T603X2A,HCC155
T604X2A,HCC155
T604X2A,HCC155
T608X2A,HCC155
T608X2A,HCC155
T6092XA,HCC155
T6092XA,HCC155
T6102XA,HCC155
T6102XA,HCC155
T6112XA,HCC155
T6112XA,HCC155
T61772A,HCC155
T61772A,HCC155
T61782A,HCC155
T61782A,HCC155
T618X2A,HCC155
T618X2A,HCC155
T6192XA,HCC155
T6192XA,HCC155
T620X2A,HCC155
T620X2A,HCC155
T621X2A,HCC155
T621X2A,HCC155
T622X2A,HCC155
T622X2A,HCC155
T628X2A,HCC155
T628X2A,HCC155
T6292XA,HCC155
T6292XA,HCC155
T63002A,HCC155
T63002A,HCC155
T63012A,HCC155
T63012A,HCC155
T63022A,HCC155
T63022A,HCC155
T63032A,HCC155
T63032A,HCC155
T63042A,HCC155
T63042A,HCC155
T63062A,HCC155
T63062A,HCC155
T63072A,HCC155
T63072A,HCC155
T63082A,HCC155
T63082A,HCC155
T63092A,HCC155
T63092A,HCC155
T63112A,HCC155
T63112A,HCC155
T63122A,HCC155
T63122A,HCC155
T63192A,HCC155
T63192A,HCC155
T632X2A,HCC155
T632X2A,HCC155
T63302A,HCC155
T63302A,HCC155
T63312A,HCC155
T63312A,HCC155
T63322A,HCC155
T63322A,HCC155
T63332A,HCC155
T63332A,HCC155
T63392A,HCC155
T63392A,HCC155
T63412A,HCC155
T63412A,HCC155
T63422A,HCC155
T63422A,HCC155
T63432A,HCC155
T63432A,HCC155
T63442A,HCC155
T63442A,HCC155
T63452A,HCC155
T63452A,HCC155
T63462A,HCC155
T63462A,HCC155
T63482A,HCC155
T63482A,HCC155
T63512A,HCC155
T63512A,HCC155
T63592A,HCC155
T63592A,HCC155
T63612A,HCC155
T63612A,HCC155
T63622A,HCC155
T63622A,HCC155
T63632A,HCC155
T63632A,HCC155
T63692A,HCC155
T63692A,HCC155
T63712A,HCC155
T63712A,HCC155
T63792A,HCC155
T63792A,HCC155
T63812A,HCC155
T63812A,HCC155
T63822A,HCC155
T63822A,HCC155
T63832A,HCC155
T63832A,HCC155
T63892A,HCC155
T63892A,HCC155
T6392XA,HCC155
T6392XA,HCC155
T6402XA,HCC155
T6402XA,HCC155
T6482XA,HCC155
T6482XA,HCC155
T650X2A,HCC155
T650X2A,HCC155
T651X2A,HCC155
T651X2A,HCC155
T65212A,HCC155
T65212A,HCC155
T65222A,HCC155
T65222A,HCC155
T65292A,HCC155
T65292A,HCC155
T653X2A,HCC155
T653X2A,HCC155
T654X2A,HCC155
T654X2A,HCC155
T655X2A,HCC155
T655X2A,HCC155
T656X2A,HCC155
T656X2A,HCC155
T65812A,HCC155
T65812A,HCC155
T65822A,HCC155
T65822A,HCC155
T65832A,HCC155
T65832A,HCC155
T65842A,HCC155
T65842A,HCC155
T65892A,HCC155
T65892A,HCC155
T6592XA,HCC155
T6592XA,HCC155
T71112A,HCC155
T71112A,HCC155
T71122A,HCC155
T71122A,HCC155
T71132A,HCC155
T71132A,HCC155
T71152A,HCC155
T71152A,HCC155
T71162A,HCC155
T71162A,HCC155
T71192A,HCC155
T71192A,HCC155
T71222A,HCC155
T71222A,HCC155
T71232A,HCC155
T71232A,HCC155
T790XXA,HCC267
T791XXA,HCC267
T794XXA,HCC2
T82512A,HCC223
T82522A,HCC223
T82532A,HCC223
T82592A,HCC223
T8600,HCC454
T8601,HCC454
T8602,HCC454
T8603,HCC454
T8609,HCC454
T8620,HCC221
T8621,HCC221
T8622,HCC221
T8623,HCC221
T86290,HCC221
T86298,HCC221
T8630,HCC221
T8630,HCC276
T8631,HCC221
T8631,HCC276
T8632,HCC221
T8632,HCC276
T8633,HCC221
T8633,HCC276
T8639,HCC221
T8639,HCC276
T8640,HCC62
T8641,HCC62
T8642,HCC62
T8643,HCC62
T8649,HCC62
T865,HCC454
T86810,HCC276
T86811,HCC276
T86812,HCC276
T86818,HCC276
T86819,HCC276
T86850,HCC77
T86851,HCC77
T86852,HCC77
T86858,HCC77
T86859,HCC77
T870X1,HCC405
T870X2,HCC405
T870X9,HCC405
T871X1,HCC405
T871X2,HCC405
T871X9,HCC405
T8730,HCC409
T8731,HCC409
T8732,HCC409
T8733,HCC409
T8734,HCC409
T8740,HCC409
T8741,HCC409
T8742,HCC409
T8743,HCC409
T8744,HCC409
T8750,HCC409
T8751,HCC409
T8752,HCC409
T8753,HCC409
T8754,HCC409
T8781,HCC409
T8789,HCC409
T879,HCC409
X710XXA,HCC155
X710XXA,HCC155
X711XXA,HCC155
X711XXA,HCC155
X712XXA,HCC155
X712XXA,HCC155
X713XXA,HCC155
X713XXA,HCC155
X718XXA,HCC155
X718XXA,HCC155
X719XXA,HCC155
X719XXA,HCC155
X72XXXA,HCC155
X72XXXA,HCC155
X730XXA,HCC155
X730XXA,HCC155
X731XXA,HCC155
X731XXA,HCC155
X732XXA,HCC155
X732XXA,HCC155
X738XXA,HCC155
X738XXA,HCC155
X739XXA,HCC155
X739XXA,HCC155
X7401XA,HCC155
X7401XA,HCC155
X7402XA,HCC155
X7402XA,HCC155
X7409XA,HCC155
X7409XA,HCC155
X748XXA,HCC155
X748XXA,HCC155
X749XXA,HCC155
X749XXA,HCC155
X75XXXA,HCC155
X75XXXA,HCC155
X76XXXA,HCC155
X76XXXA,HCC155
X770XXA,HCC155
X770XXA,HCC155
X771XXA,HCC155
X771XXA,HCC155
X772XXA,HCC155
X772XXA,HCC155
X773XXA,HCC155
X773XXA,HCC155
X778XXA,HCC155
X778XXA,HCC155
X779XXA,HCC155
X779XXA,HCC155
X780XXA,HCC155
X780XXA,HCC155
X781XXA,HCC155
X781XXA,HCC155
X782XXA,HCC155
X782XXA,HCC155
X788XXA,HCC155
X788XXA,HCC155
X789XXA,HCC155
X789XXA,HCC155
X79XXXA,HCC155
X79XXXA,HCC155
X80XXXA,HCC155
X80XXXA,HCC155
X810XXA,HCC155
X810XXA,HCC155
X811XXA,HCC155
X811XXA,HCC155
X818XXA,HCC155
X818XXA,HCC155
X820XXA,HCC155
X820XXA,HCC155
X821XXA,HCC155
X821XXA,HCC155
X822XXA,HCC155
X822XXA,HCC155
X828XXA,HCC155
X828XXA,HCC155
X830XXA,HCC155
X830XXA,HCC155
X831XXA,HCC155
X831XXA,HCC155
X832XXA,HCC155
X832XXA,HCC155
X838XXA,HCC155
X838XXA,HCC155
Z21,HCC1
Z430,HCC211
Z431,HCC463
Z432,HCC463
Z433,HCC463
Z434,HCC463
Z435,HCC463
Z436,HCC463
Z438,HCC463
Z439,HCC463
Z44101,HCC409
Z44102,HCC409
Z44109,HCC409
Z44111,HCC409
Z44112,HCC409
Z44119,HCC409
Z44121,HCC409
Z44122,HCC409
Z44129,HCC409
Z4821,HCC221
Z4823,HCC62
Z4824,HCC276
Z48280,HCC221
Z48280,HCC276
Z48290,HCC454
Z6841,HCC48
Z6842,HCC48
Z6843,HCC48
Z6844,HCC48
Z6845,HCC48
Z6856,HCC48
Z794,HCC38
Z89431,HCC409
Z89432,HCC409
Z89439,HCC409
Z89441,HCC409
Z89442,HCC409
Z89449,HCC409
Z89511,HCC409
Z89512,HCC409
Z89519,HCC409
Z89611,HCC409
Z89612,HCC409
Z89619,HCC409
Z930,HCC211
Z931,HCC463
Z932,HCC463
Z933,HCC463
Z934,HCC463
Z9350,HCC463
Z9351,HCC463
Z9352,HCC463
Z9359,HCC463
Z936,HCC463
Z938,HCC463
Z939,HCC463
Z941,HCC221
Z942,HCC276
Z943,HCC221
Z943,HCC276
Z944,HCC62
Z9481,HCC454
Z9482,HCC77
Z9483,HCC35
Z9484,HCC454
Z95811,HCC223
Z95812,HCC223
Z9713,HCC409
Z9714,HCC409
Z9716,HCC409
Z9911,HCC211
Z9912,HCC211
